[
  {
    "name": "Application Start",
    "start": 1596852074141,
    "end": 1596852077411,
    "duration": 3270,
    "pid": 20016,
    "index": 0
  },
  {
    "name": "Load Plugin",
    "start": 1596852074152,
    "end": 1596852074216,
    "duration": 64,
    "pid": 20016,
    "index": 1
  },
  {
    "name": "Load Config",
    "start": 1596852074217,
    "end": 1596852074290,
    "duration": 73,
    "pid": 20016,
    "index": 2
  },
  {
    "name": "Require(0) config/config.default.js",
    "start": 1596852074218,
    "end": 1596852074235,
    "duration": 17,
    "pid": 20016,
    "index": 3
  },
  {
    "name": "Require(1) node_modules/egg-session/config/config.default.js",
    "start": 1596852074239,
    "end": 1596852074240,
    "duration": 1,
    "pid": 20016,
    "index": 4
  },
  {
    "name": "Require(2) node_modules/egg-security/config/config.default.js",
    "start": 1596852074241,
    "end": 1596852074241,
    "duration": 0,
    "pid": 20016,
    "index": 5
  },
  {
    "name": "Require(3) node_modules/egg-jsonp/config/config.default.js",
    "start": 1596852074243,
    "end": 1596852074245,
    "duration": 2,
    "pid": 20016,
    "index": 6
  },
  {
    "name": "Require(4) node_modules/egg-onerror/config/config.default.js",
    "start": 1596852074246,
    "end": 1596852074247,
    "duration": 1,
    "pid": 20016,
    "index": 7
  },
  {
    "name": "Require(5) node_modules/egg-i18n/config/config.default.js",
    "start": 1596852074250,
    "end": 1596852074250,
    "duration": 0,
    "pid": 20016,
    "index": 8
  },
  {
    "name": "Require(6) node_modules/egg-watcher/config/config.default.js",
    "start": 1596852074251,
    "end": 1596852074252,
    "duration": 1,
    "pid": 20016,
    "index": 9
  },
  {
    "name": "Require(7) node_modules/egg-schedule/config/config.default.js",
    "start": 1596852074253,
    "end": 1596852074254,
    "duration": 1,
    "pid": 20016,
    "index": 10
  },
  {
    "name": "Require(8) node_modules/egg-multipart/config/config.default.js",
    "start": 1596852074255,
    "end": 1596852074255,
    "duration": 0,
    "pid": 20016,
    "index": 11
  },
  {
    "name": "Require(9) node_modules/egg-logrotator/config/config.default.js",
    "start": 1596852074257,
    "end": 1596852074257,
    "duration": 0,
    "pid": 20016,
    "index": 12
  },
  {
    "name": "Require(10) node_modules/egg-static/config/config.default.js",
    "start": 1596852074258,
    "end": 1596852074259,
    "duration": 1,
    "pid": 20016,
    "index": 13
  },
  {
    "name": "Require(11) node_modules/egg-view/config/config.default.js",
    "start": 1596852074261,
    "end": 1596852074261,
    "duration": 0,
    "pid": 20016,
    "index": 14
  },
  {
    "name": "Require(12) node_modules/egg-mysql/config/config.default.js",
    "start": 1596852074262,
    "end": 1596852074262,
    "duration": 0,
    "pid": 20016,
    "index": 15
  },
  {
    "name": "Require(13) node_modules/egg-sequelize/config/config.default.js",
    "start": 1596852074264,
    "end": 1596852074264,
    "duration": 0,
    "pid": 20016,
    "index": 16
  },
  {
    "name": "Require(14) node_modules/egg-redis/config/config.default.js",
    "start": 1596852074265,
    "end": 1596852074266,
    "duration": 1,
    "pid": 20016,
    "index": 17
  },
  {
    "name": "Require(15) node_modules/egg-session-redis/config/config.default.js",
    "start": 1596852074267,
    "end": 1596852074267,
    "duration": 0,
    "pid": 20016,
    "index": 18
  },
  {
    "name": "Require(16) node_modules/egg-validate/config/config.default.js",
    "start": 1596852074268,
    "end": 1596852074269,
    "duration": 1,
    "pid": 20016,
    "index": 19
  },
  {
    "name": "Require(17) node_modules/egg-jwt/config/config.default.js",
    "start": 1596852074270,
    "end": 1596852074270,
    "duration": 0,
    "pid": 20016,
    "index": 20
  },
  {
    "name": "Require(18) node_modules/egg-socket.io/config/config.default.js",
    "start": 1596852074272,
    "end": 1596852074272,
    "duration": 0,
    "pid": 20016,
    "index": 21
  },
  {
    "name": "Require(19) node_modules/egg/config/config.default.js",
    "start": 1596852074273,
    "end": 1596852074274,
    "duration": 1,
    "pid": 20016,
    "index": 22
  },
  {
    "name": "Require(20) config/config.default.js",
    "start": 1596852074277,
    "end": 1596852074277,
    "duration": 0,
    "pid": 20016,
    "index": 23
  },
  {
    "name": "Require(21) node_modules/egg-static/config/config.prod.js",
    "start": 1596852074284,
    "end": 1596852074284,
    "duration": 0,
    "pid": 20016,
    "index": 24
  },
  {
    "name": "Load extend/application.js",
    "start": 1596852074292,
    "end": 1596852074555,
    "duration": 263,
    "pid": 20016,
    "index": 25
  },
  {
    "name": "Require(22) node_modules/egg-session/app/extend/application.js",
    "start": 1596852074294,
    "end": 1596852074294,
    "duration": 0,
    "pid": 20016,
    "index": 26
  },
  {
    "name": "Require(23) node_modules/egg-security/app/extend/application.js",
    "start": 1596852074295,
    "end": 1596852074298,
    "duration": 3,
    "pid": 20016,
    "index": 27
  },
  {
    "name": "Require(24) node_modules/egg-jsonp/app/extend/application.js",
    "start": 1596852074299,
    "end": 1596852074302,
    "duration": 3,
    "pid": 20016,
    "index": 28
  },
  {
    "name": "Require(25) node_modules/egg-logrotator/app/extend/application.js",
    "start": 1596852074305,
    "end": 1596852074307,
    "duration": 2,
    "pid": 20016,
    "index": 29
  },
  {
    "name": "Require(26) node_modules/egg-view/app/extend/application.js",
    "start": 1596852074309,
    "end": 1596852074311,
    "duration": 2,
    "pid": 20016,
    "index": 30
  },
  {
    "name": "Require(27) node_modules/egg-jwt/app/extend/application.js",
    "start": 1596852074315,
    "end": 1596852074401,
    "duration": 86,
    "pid": 20016,
    "index": 31
  },
  {
    "name": "Require(28) node_modules/egg-socket.io/app/extend/application.js",
    "start": 1596852074403,
    "end": 1596852074485,
    "duration": 82,
    "pid": 20016,
    "index": 32
  },
  {
    "name": "Require(29) app/extend/application.js",
    "start": 1596852074486,
    "end": 1596852074543,
    "duration": 57,
    "pid": 20016,
    "index": 33
  },
  {
    "name": "Load extend/request.js",
    "start": 1596852074555,
    "end": 1596852074583,
    "duration": 28,
    "pid": 20016,
    "index": 34
  },
  {
    "name": "Require(30) node_modules/egg/app/extend/request.js",
    "start": 1596852074567,
    "end": 1596852074569,
    "duration": 2,
    "pid": 20016,
    "index": 35
  },
  {
    "name": "Load extend/response.js",
    "start": 1596852074583,
    "end": 1596852074606,
    "duration": 23,
    "pid": 20016,
    "index": 36
  },
  {
    "name": "Require(31) node_modules/egg/app/extend/response.js",
    "start": 1596852074592,
    "end": 1596852074595,
    "duration": 3,
    "pid": 20016,
    "index": 37
  },
  {
    "name": "Load extend/context.js",
    "start": 1596852074606,
    "end": 1596852074786,
    "duration": 180,
    "pid": 20016,
    "index": 38
  },
  {
    "name": "Require(32) node_modules/egg-security/app/extend/context.js",
    "start": 1596852074608,
    "end": 1596852074633,
    "duration": 25,
    "pid": 20016,
    "index": 39
  },
  {
    "name": "Require(33) node_modules/egg-jsonp/app/extend/context.js",
    "start": 1596852074634,
    "end": 1596852074636,
    "duration": 2,
    "pid": 20016,
    "index": 40
  },
  {
    "name": "Require(34) node_modules/egg-i18n/app/extend/context.js",
    "start": 1596852074637,
    "end": 1596852074638,
    "duration": 1,
    "pid": 20016,
    "index": 41
  },
  {
    "name": "Require(35) node_modules/egg-multipart/app/extend/context.js",
    "start": 1596852074640,
    "end": 1596852074761,
    "duration": 121,
    "pid": 20016,
    "index": 42
  },
  {
    "name": "Require(36) node_modules/egg-view/app/extend/context.js",
    "start": 1596852074763,
    "end": 1596852074765,
    "duration": 2,
    "pid": 20016,
    "index": 43
  },
  {
    "name": "Require(37) node_modules/egg-validate/app/extend/context.js",
    "start": 1596852074768,
    "end": 1596852074768,
    "duration": 0,
    "pid": 20016,
    "index": 44
  },
  {
    "name": "Require(38) node_modules/egg-passport/app/extend/context.js",
    "start": 1596852074769,
    "end": 1596852074770,
    "duration": 1,
    "pid": 20016,
    "index": 45
  },
  {
    "name": "Require(39) node_modules/egg/app/extend/context.js",
    "start": 1596852074771,
    "end": 1596852074773,
    "duration": 2,
    "pid": 20016,
    "index": 46
  },
  {
    "name": "Require(40) app/extend/context.js",
    "start": 1596852074774,
    "end": 1596852074775,
    "duration": 1,
    "pid": 20016,
    "index": 47
  },
  {
    "name": "Load extend/helper.js",
    "start": 1596852074786,
    "end": 1596852074853,
    "duration": 67,
    "pid": 20016,
    "index": 48
  },
  {
    "name": "Require(41) node_modules/egg-security/app/extend/helper.js",
    "start": 1596852074788,
    "end": 1596852074826,
    "duration": 38,
    "pid": 20016,
    "index": 49
  },
  {
    "name": "Require(42) node_modules/egg/app/extend/helper.js",
    "start": 1596852074841,
    "end": 1596852074841,
    "duration": 0,
    "pid": 20016,
    "index": 50
  },
  {
    "name": "Require(43) app/extend/helper.js",
    "start": 1596852074842,
    "end": 1596852074843,
    "duration": 1,
    "pid": 20016,
    "index": 51
  },
  {
    "name": "Load app.js",
    "start": 1596852074854,
    "end": 1596852075152,
    "duration": 298,
    "pid": 20016,
    "index": 52
  },
  {
    "name": "Require(44) node_modules/egg-session/app.js",
    "start": 1596852074854,
    "end": 1596852074855,
    "duration": 1,
    "pid": 20016,
    "index": 53
  },
  {
    "name": "Require(45) node_modules/egg-security/app.js",
    "start": 1596852074856,
    "end": 1596852074861,
    "duration": 5,
    "pid": 20016,
    "index": 54
  },
  {
    "name": "Require(46) node_modules/egg-onerror/app.js",
    "start": 1596852074863,
    "end": 1596852074878,
    "duration": 15,
    "pid": 20016,
    "index": 55
  },
  {
    "name": "Require(47) node_modules/egg-i18n/app.js",
    "start": 1596852074879,
    "end": 1596852074916,
    "duration": 37,
    "pid": 20016,
    "index": 56
  },
  {
    "name": "Require(48) node_modules/egg-watcher/app.js",
    "start": 1596852074917,
    "end": 1596852074929,
    "duration": 12,
    "pid": 20016,
    "index": 57
  },
  {
    "name": "Require(49) node_modules/egg-schedule/app.js",
    "start": 1596852074930,
    "end": 1596852074933,
    "duration": 3,
    "pid": 20016,
    "index": 58
  },
  {
    "name": "Require(50) node_modules/egg-multipart/app.js",
    "start": 1596852074934,
    "end": 1596852074935,
    "duration": 1,
    "pid": 20016,
    "index": 59
  },
  {
    "name": "Require(51) node_modules/egg-logrotator/app.js",
    "start": 1596852074936,
    "end": 1596852074936,
    "duration": 0,
    "pid": 20016,
    "index": 60
  },
  {
    "name": "Require(52) node_modules/egg-static/app.js",
    "start": 1596852074937,
    "end": 1596852074937,
    "duration": 0,
    "pid": 20016,
    "index": 61
  },
  {
    "name": "Require(53) node_modules/egg-mysql/app.js",
    "start": 1596852074940,
    "end": 1596852074987,
    "duration": 47,
    "pid": 20016,
    "index": 62
  },
  {
    "name": "Require(54) node_modules/egg-sequelize/app.js",
    "start": 1596852074987,
    "end": 1596852074988,
    "duration": 1,
    "pid": 20016,
    "index": 63
  },
  {
    "name": "Require(55) node_modules/egg-redis/app.js",
    "start": 1596852074989,
    "end": 1596852074992,
    "duration": 3,
    "pid": 20016,
    "index": 64
  },
  {
    "name": "Require(56) node_modules/egg-session-redis/app.js",
    "start": 1596852074993,
    "end": 1596852074993,
    "duration": 0,
    "pid": 20016,
    "index": 65
  },
  {
    "name": "Require(57) node_modules/egg-validate/app.js",
    "start": 1596852074996,
    "end": 1596852075003,
    "duration": 7,
    "pid": 20016,
    "index": 66
  },
  {
    "name": "Require(58) node_modules/egg-jwt/app.js",
    "start": 1596852075004,
    "end": 1596852075004,
    "duration": 0,
    "pid": 20016,
    "index": 67
  },
  {
    "name": "Require(59) node_modules/egg-passport/app.js",
    "start": 1596852075005,
    "end": 1596852075055,
    "duration": 50,
    "pid": 20016,
    "index": 68
  },
  {
    "name": "Require(60) node_modules/egg-socket.io/app.js",
    "start": 1596852075056,
    "end": 1596852075149,
    "duration": 93,
    "pid": 20016,
    "index": 69
  },
  {
    "name": "Require(61) app.js",
    "start": 1596852075151,
    "end": 1596852075152,
    "duration": 1,
    "pid": 20016,
    "index": 70
  },
  {
    "name": "Before Start in node_modules/egg-watcher/lib/init.js:15:14",
    "start": 1596852075182,
    "end": 1596852076868,
    "duration": 1686,
    "pid": 20016,
    "index": 71
  },
  {
    "name": "Before Start in node_modules/egg-mysql/lib/mysql.js:20:7",
    "start": 1596852075405,
    "end": 1596852077054,
    "duration": 1649,
    "pid": 20016,
    "index": 72
  },
  {
    "name": "Load \"Symbol(model)\" to Application",
    "start": 1596852076205,
    "end": 1596852076331,
    "duration": 126,
    "pid": 20016,
    "index": 73
  },
  {
    "name": "Before Start in node_modules/egg-sequelize/lib/loader.js:39:7",
    "start": 1596852076331,
    "end": 1596852077410,
    "duration": 1079,
    "pid": 20016,
    "index": 74
  },
  {
    "name": "Before Start in node_modules/egg-redis/lib/redis.js:53:7",
    "start": 1596852076480,
    "end": 1596852076481,
    "duration": 1,
    "pid": 20016,
    "index": 75
  },
  {
    "name": "Before Start in node_modules/egg-redis/lib/redis.js:53:7",
    "start": 1596852076481,
    "end": 1596852076481,
    "duration": 0,
    "pid": 20016,
    "index": 76
  },
  {
    "name": "Before Start in node_modules/egg-redis/lib/redis.js:53:7",
    "start": 1596852076481,
    "end": 1596852077013,
    "duration": 532,
    "pid": 20016,
    "index": 77
  },
  {
    "name": "Load Controller",
    "start": 1596852076498,
    "end": 1596852076739,
    "duration": 241,
    "pid": 20016,
    "index": 78
  },
  {
    "name": "Load \"controller\" to Application",
    "start": 1596852076498,
    "end": 1596852076739,
    "duration": 241,
    "pid": 20016,
    "index": 79
  },
  {
    "name": "Before Start in node_modules/egg-socket.io/lib/io.js:26:7",
    "start": 1596852076510,
    "end": 1596852076832,
    "duration": 322,
    "pid": 20016,
    "index": 80
  },
  {
    "name": "Before Start in app.js:4:7",
    "start": 1596852076510,
    "end": 1596852076832,
    "duration": 322,
    "pid": 20016,
    "index": 81
  },
  {
    "name": "Load Service",
    "start": 1596852076512,
    "end": 1596852076552,
    "duration": 40,
    "pid": 20016,
    "index": 82
  },
  {
    "name": "Load \"service\" to Context",
    "start": 1596852076512,
    "end": 1596852076552,
    "duration": 40,
    "pid": 20016,
    "index": 83
  },
  {
    "name": "Load Middleware",
    "start": 1596852076552,
    "end": 1596852076738,
    "duration": 186,
    "pid": 20016,
    "index": 84
  },
  {
    "name": "Load \"middlewares\" to Application",
    "start": 1596852076552,
    "end": 1596852076712,
    "duration": 160,
    "pid": 20016,
    "index": 85
  },
  {
    "name": "Load Controller",
    "start": 1596852076739,
    "end": 1596852076765,
    "duration": 26,
    "pid": 20016,
    "index": 86
  },
  {
    "name": "Load \"controller\" to Application",
    "start": 1596852076739,
    "end": 1596852076765,
    "duration": 26,
    "pid": 20016,
    "index": 87
  },
  {
    "name": "Load Router",
    "start": 1596852076765,
    "end": 1596852076771,
    "duration": 6,
    "pid": 20016,
    "index": 88
  },
  {
    "name": "Require(62) app/router.js",
    "start": 1596852076765,
    "end": 1596852076766,
    "duration": 1,
    "pid": 20016,
    "index": 89
  },
  {
    "name": "Before Start in node_modules/egg-core/lib/egg.js:303:10",
    "start": 1596852076767,
    "end": 1596852076832,
    "duration": 65,
    "pid": 20016,
    "index": 90
  }
]