[
  {
    "name": "Application Start",
    "start": 1596852074196,
    "end": 1596852078126,
    "duration": 3930,
    "pid": 8476,
    "index": 0
  },
  {
    "name": "Load Plugin",
    "start": 1596852074207,
    "end": 1596852074272,
    "duration": 65,
    "pid": 8476,
    "index": 1
  },
  {
    "name": "Load Config",
    "start": 1596852074273,
    "end": 1596852074341,
    "duration": 68,
    "pid": 8476,
    "index": 2
  },
  {
    "name": "Require(0) config/config.default.js",
    "start": 1596852074274,
    "end": 1596852074289,
    "duration": 15,
    "pid": 8476,
    "index": 3
  },
  {
    "name": "Require(1) node_modules/egg-session/config/config.default.js",
    "start": 1596852074293,
    "end": 1596852074294,
    "duration": 1,
    "pid": 8476,
    "index": 4
  },
  {
    "name": "Require(2) node_modules/egg-security/config/config.default.js",
    "start": 1596852074295,
    "end": 1596852074295,
    "duration": 0,
    "pid": 8476,
    "index": 5
  },
  {
    "name": "Require(3) node_modules/egg-jsonp/config/config.default.js",
    "start": 1596852074297,
    "end": 1596852074298,
    "duration": 1,
    "pid": 8476,
    "index": 6
  },
  {
    "name": "Require(4) node_modules/egg-onerror/config/config.default.js",
    "start": 1596852074299,
    "end": 1596852074299,
    "duration": 0,
    "pid": 8476,
    "index": 7
  },
  {
    "name": "Require(5) node_modules/egg-i18n/config/config.default.js",
    "start": 1596852074300,
    "end": 1596852074301,
    "duration": 1,
    "pid": 8476,
    "index": 8
  },
  {
    "name": "Require(6) node_modules/egg-watcher/config/config.default.js",
    "start": 1596852074302,
    "end": 1596852074302,
    "duration": 0,
    "pid": 8476,
    "index": 9
  },
  {
    "name": "Require(7) node_modules/egg-schedule/config/config.default.js",
    "start": 1596852074303,
    "end": 1596852074304,
    "duration": 1,
    "pid": 8476,
    "index": 10
  },
  {
    "name": "Require(8) node_modules/egg-multipart/config/config.default.js",
    "start": 1596852074305,
    "end": 1596852074306,
    "duration": 1,
    "pid": 8476,
    "index": 11
  },
  {
    "name": "Require(9) node_modules/egg-logrotator/config/config.default.js",
    "start": 1596852074307,
    "end": 1596852074307,
    "duration": 0,
    "pid": 8476,
    "index": 12
  },
  {
    "name": "Require(10) node_modules/egg-static/config/config.default.js",
    "start": 1596852074310,
    "end": 1596852074311,
    "duration": 1,
    "pid": 8476,
    "index": 13
  },
  {
    "name": "Require(11) node_modules/egg-view/config/config.default.js",
    "start": 1596852074312,
    "end": 1596852074312,
    "duration": 0,
    "pid": 8476,
    "index": 14
  },
  {
    "name": "Require(12) node_modules/egg-mysql/config/config.default.js",
    "start": 1596852074314,
    "end": 1596852074314,
    "duration": 0,
    "pid": 8476,
    "index": 15
  },
  {
    "name": "Require(13) node_modules/egg-sequelize/config/config.default.js",
    "start": 1596852074315,
    "end": 1596852074316,
    "duration": 1,
    "pid": 8476,
    "index": 16
  },
  {
    "name": "Require(14) node_modules/egg-redis/config/config.default.js",
    "start": 1596852074317,
    "end": 1596852074317,
    "duration": 0,
    "pid": 8476,
    "index": 17
  },
  {
    "name": "Require(15) node_modules/egg-session-redis/config/config.default.js",
    "start": 1596852074318,
    "end": 1596852074319,
    "duration": 1,
    "pid": 8476,
    "index": 18
  },
  {
    "name": "Require(16) node_modules/egg-validate/config/config.default.js",
    "start": 1596852074320,
    "end": 1596852074320,
    "duration": 0,
    "pid": 8476,
    "index": 19
  },
  {
    "name": "Require(17) node_modules/egg-jwt/config/config.default.js",
    "start": 1596852074321,
    "end": 1596852074321,
    "duration": 0,
    "pid": 8476,
    "index": 20
  },
  {
    "name": "Require(18) node_modules/egg-socket.io/config/config.default.js",
    "start": 1596852074323,
    "end": 1596852074323,
    "duration": 0,
    "pid": 8476,
    "index": 21
  },
  {
    "name": "Require(19) node_modules/egg/config/config.default.js",
    "start": 1596852074324,
    "end": 1596852074325,
    "duration": 1,
    "pid": 8476,
    "index": 22
  },
  {
    "name": "Require(20) config/config.default.js",
    "start": 1596852074330,
    "end": 1596852074330,
    "duration": 0,
    "pid": 8476,
    "index": 23
  },
  {
    "name": "Require(21) node_modules/egg-static/config/config.prod.js",
    "start": 1596852074336,
    "end": 1596852074336,
    "duration": 0,
    "pid": 8476,
    "index": 24
  },
  {
    "name": "Load extend/application.js",
    "start": 1596852074345,
    "end": 1596852074594,
    "duration": 249,
    "pid": 8476,
    "index": 25
  },
  {
    "name": "Require(22) node_modules/egg-session/app/extend/application.js",
    "start": 1596852074346,
    "end": 1596852074346,
    "duration": 0,
    "pid": 8476,
    "index": 26
  },
  {
    "name": "Require(23) node_modules/egg-security/app/extend/application.js",
    "start": 1596852074347,
    "end": 1596852074350,
    "duration": 3,
    "pid": 8476,
    "index": 27
  },
  {
    "name": "Require(24) node_modules/egg-jsonp/app/extend/application.js",
    "start": 1596852074351,
    "end": 1596852074354,
    "duration": 3,
    "pid": 8476,
    "index": 28
  },
  {
    "name": "Require(25) node_modules/egg-logrotator/app/extend/application.js",
    "start": 1596852074357,
    "end": 1596852074360,
    "duration": 3,
    "pid": 8476,
    "index": 29
  },
  {
    "name": "Require(26) node_modules/egg-view/app/extend/application.js",
    "start": 1596852074361,
    "end": 1596852074364,
    "duration": 3,
    "pid": 8476,
    "index": 30
  },
  {
    "name": "Require(27) node_modules/egg-jwt/app/extend/application.js",
    "start": 1596852074368,
    "end": 1596852074453,
    "duration": 85,
    "pid": 8476,
    "index": 31
  },
  {
    "name": "Require(28) node_modules/egg-socket.io/app/extend/application.js",
    "start": 1596852074455,
    "end": 1596852074531,
    "duration": 76,
    "pid": 8476,
    "index": 32
  },
  {
    "name": "Require(29) app/extend/application.js",
    "start": 1596852074533,
    "end": 1596852074583,
    "duration": 50,
    "pid": 8476,
    "index": 33
  },
  {
    "name": "Load extend/request.js",
    "start": 1596852074594,
    "end": 1596852074617,
    "duration": 23,
    "pid": 8476,
    "index": 34
  },
  {
    "name": "Require(30) node_modules/egg/app/extend/request.js",
    "start": 1596852074604,
    "end": 1596852074606,
    "duration": 2,
    "pid": 8476,
    "index": 35
  },
  {
    "name": "Load extend/response.js",
    "start": 1596852074617,
    "end": 1596852074640,
    "duration": 23,
    "pid": 8476,
    "index": 36
  },
  {
    "name": "Require(31) node_modules/egg/app/extend/response.js",
    "start": 1596852074627,
    "end": 1596852074630,
    "duration": 3,
    "pid": 8476,
    "index": 37
  },
  {
    "name": "Load extend/context.js",
    "start": 1596852074640,
    "end": 1596852074819,
    "duration": 179,
    "pid": 8476,
    "index": 38
  },
  {
    "name": "Require(32) node_modules/egg-security/app/extend/context.js",
    "start": 1596852074642,
    "end": 1596852074664,
    "duration": 22,
    "pid": 8476,
    "index": 39
  },
  {
    "name": "Require(33) node_modules/egg-jsonp/app/extend/context.js",
    "start": 1596852074665,
    "end": 1596852074667,
    "duration": 2,
    "pid": 8476,
    "index": 40
  },
  {
    "name": "Require(34) node_modules/egg-i18n/app/extend/context.js",
    "start": 1596852074668,
    "end": 1596852074669,
    "duration": 1,
    "pid": 8476,
    "index": 41
  },
  {
    "name": "Require(35) node_modules/egg-multipart/app/extend/context.js",
    "start": 1596852074671,
    "end": 1596852074794,
    "duration": 123,
    "pid": 8476,
    "index": 42
  },
  {
    "name": "Require(36) node_modules/egg-view/app/extend/context.js",
    "start": 1596852074797,
    "end": 1596852074799,
    "duration": 2,
    "pid": 8476,
    "index": 43
  },
  {
    "name": "Require(37) node_modules/egg-validate/app/extend/context.js",
    "start": 1596852074802,
    "end": 1596852074802,
    "duration": 0,
    "pid": 8476,
    "index": 44
  },
  {
    "name": "Require(38) node_modules/egg-passport/app/extend/context.js",
    "start": 1596852074804,
    "end": 1596852074804,
    "duration": 0,
    "pid": 8476,
    "index": 45
  },
  {
    "name": "Require(39) node_modules/egg/app/extend/context.js",
    "start": 1596852074805,
    "end": 1596852074807,
    "duration": 2,
    "pid": 8476,
    "index": 46
  },
  {
    "name": "Require(40) app/extend/context.js",
    "start": 1596852074808,
    "end": 1596852074809,
    "duration": 1,
    "pid": 8476,
    "index": 47
  },
  {
    "name": "Load extend/helper.js",
    "start": 1596852074819,
    "end": 1596852074884,
    "duration": 65,
    "pid": 8476,
    "index": 48
  },
  {
    "name": "Require(41) node_modules/egg-security/app/extend/helper.js",
    "start": 1596852074821,
    "end": 1596852074864,
    "duration": 43,
    "pid": 8476,
    "index": 49
  },
  {
    "name": "Require(42) node_modules/egg/app/extend/helper.js",
    "start": 1596852074872,
    "end": 1596852074873,
    "duration": 1,
    "pid": 8476,
    "index": 50
  },
  {
    "name": "Require(43) app/extend/helper.js",
    "start": 1596852074873,
    "end": 1596852074874,
    "duration": 1,
    "pid": 8476,
    "index": 51
  },
  {
    "name": "Load app.js",
    "start": 1596852074885,
    "end": 1596852075175,
    "duration": 290,
    "pid": 8476,
    "index": 52
  },
  {
    "name": "Require(44) node_modules/egg-session/app.js",
    "start": 1596852074886,
    "end": 1596852074886,
    "duration": 0,
    "pid": 8476,
    "index": 53
  },
  {
    "name": "Require(45) node_modules/egg-security/app.js",
    "start": 1596852074887,
    "end": 1596852074894,
    "duration": 7,
    "pid": 8476,
    "index": 54
  },
  {
    "name": "Require(46) node_modules/egg-onerror/app.js",
    "start": 1596852074896,
    "end": 1596852074911,
    "duration": 15,
    "pid": 8476,
    "index": 55
  },
  {
    "name": "Require(47) node_modules/egg-i18n/app.js",
    "start": 1596852074913,
    "end": 1596852074948,
    "duration": 35,
    "pid": 8476,
    "index": 56
  },
  {
    "name": "Require(48) node_modules/egg-watcher/app.js",
    "start": 1596852074949,
    "end": 1596852074957,
    "duration": 8,
    "pid": 8476,
    "index": 57
  },
  {
    "name": "Require(49) node_modules/egg-schedule/app.js",
    "start": 1596852074958,
    "end": 1596852074963,
    "duration": 5,
    "pid": 8476,
    "index": 58
  },
  {
    "name": "Require(50) node_modules/egg-multipart/app.js",
    "start": 1596852074964,
    "end": 1596852074964,
    "duration": 0,
    "pid": 8476,
    "index": 59
  },
  {
    "name": "Require(51) node_modules/egg-logrotator/app.js",
    "start": 1596852074965,
    "end": 1596852074966,
    "duration": 1,
    "pid": 8476,
    "index": 60
  },
  {
    "name": "Require(52) node_modules/egg-static/app.js",
    "start": 1596852074967,
    "end": 1596852074967,
    "duration": 0,
    "pid": 8476,
    "index": 61
  },
  {
    "name": "Require(53) node_modules/egg-mysql/app.js",
    "start": 1596852074970,
    "end": 1596852075010,
    "duration": 40,
    "pid": 8476,
    "index": 62
  },
  {
    "name": "Require(54) node_modules/egg-sequelize/app.js",
    "start": 1596852075011,
    "end": 1596852075011,
    "duration": 0,
    "pid": 8476,
    "index": 63
  },
  {
    "name": "Require(55) node_modules/egg-redis/app.js",
    "start": 1596852075012,
    "end": 1596852075015,
    "duration": 3,
    "pid": 8476,
    "index": 64
  },
  {
    "name": "Require(56) node_modules/egg-session-redis/app.js",
    "start": 1596852075016,
    "end": 1596852075016,
    "duration": 0,
    "pid": 8476,
    "index": 65
  },
  {
    "name": "Require(57) node_modules/egg-validate/app.js",
    "start": 1596852075017,
    "end": 1596852075021,
    "duration": 4,
    "pid": 8476,
    "index": 66
  },
  {
    "name": "Require(58) node_modules/egg-jwt/app.js",
    "start": 1596852075023,
    "end": 1596852075024,
    "duration": 1,
    "pid": 8476,
    "index": 67
  },
  {
    "name": "Require(59) node_modules/egg-passport/app.js",
    "start": 1596852075025,
    "end": 1596852075073,
    "duration": 48,
    "pid": 8476,
    "index": 68
  },
  {
    "name": "Require(60) node_modules/egg-socket.io/app.js",
    "start": 1596852075074,
    "end": 1596852075172,
    "duration": 98,
    "pid": 8476,
    "index": 69
  },
  {
    "name": "Require(61) app.js",
    "start": 1596852075174,
    "end": 1596852075174,
    "duration": 0,
    "pid": 8476,
    "index": 70
  },
  {
    "name": "Before Start in node_modules/egg-watcher/lib/init.js:15:14",
    "start": 1596852075210,
    "end": 1596852076876,
    "duration": 1666,
    "pid": 8476,
    "index": 71
  },
  {
    "name": "Before Start in node_modules/egg-mysql/lib/mysql.js:20:7",
    "start": 1596852075423,
    "end": 1596852077090,
    "duration": 1667,
    "pid": 8476,
    "index": 72
  },
  {
    "name": "Load \"Symbol(model)\" to Application",
    "start": 1596852076205,
    "end": 1596852076330,
    "duration": 125,
    "pid": 8476,
    "index": 73
  },
  {
    "name": "Before Start in node_modules/egg-sequelize/lib/loader.js:39:7",
    "start": 1596852076330,
    "end": 1596852077399,
    "duration": 1069,
    "pid": 8476,
    "index": 74
  },
  {
    "name": "Before Start in node_modules/egg-redis/lib/redis.js:53:7",
    "start": 1596852076469,
    "end": 1596852076469,
    "duration": 0,
    "pid": 8476,
    "index": 75
  },
  {
    "name": "Before Start in node_modules/egg-redis/lib/redis.js:53:7",
    "start": 1596852076469,
    "end": 1596852076470,
    "duration": 1,
    "pid": 8476,
    "index": 76
  },
  {
    "name": "Before Start in node_modules/egg-redis/lib/redis.js:53:7",
    "start": 1596852076470,
    "end": 1596852078122,
    "duration": 1652,
    "pid": 8476,
    "index": 77
  },
  {
    "name": "Load Controller",
    "start": 1596852076490,
    "end": 1596852076740,
    "duration": 250,
    "pid": 8476,
    "index": 78
  },
  {
    "name": "Load \"controller\" to Application",
    "start": 1596852076490,
    "end": 1596852076740,
    "duration": 250,
    "pid": 8476,
    "index": 79
  },
  {
    "name": "Before Start in node_modules/egg-socket.io/lib/io.js:26:7",
    "start": 1596852076513,
    "end": 1596852076833,
    "duration": 320,
    "pid": 8476,
    "index": 80
  },
  {
    "name": "Before Start in app.js:4:7",
    "start": 1596852076513,
    "end": 1596852076833,
    "duration": 320,
    "pid": 8476,
    "index": 81
  },
  {
    "name": "Load Service",
    "start": 1596852076514,
    "end": 1596852076552,
    "duration": 38,
    "pid": 8476,
    "index": 82
  },
  {
    "name": "Load \"service\" to Context",
    "start": 1596852076514,
    "end": 1596852076552,
    "duration": 38,
    "pid": 8476,
    "index": 83
  },
  {
    "name": "Load Middleware",
    "start": 1596852076552,
    "end": 1596852076740,
    "duration": 188,
    "pid": 8476,
    "index": 84
  },
  {
    "name": "Load \"middlewares\" to Application",
    "start": 1596852076553,
    "end": 1596852076718,
    "duration": 165,
    "pid": 8476,
    "index": 85
  },
  {
    "name": "Load Controller",
    "start": 1596852076740,
    "end": 1596852076766,
    "duration": 26,
    "pid": 8476,
    "index": 86
  },
  {
    "name": "Load \"controller\" to Application",
    "start": 1596852076740,
    "end": 1596852076765,
    "duration": 25,
    "pid": 8476,
    "index": 87
  },
  {
    "name": "Load Router",
    "start": 1596852076766,
    "end": 1596852076775,
    "duration": 9,
    "pid": 8476,
    "index": 88
  },
  {
    "name": "Require(62) app/router.js",
    "start": 1596852076766,
    "end": 1596852076766,
    "duration": 0,
    "pid": 8476,
    "index": 89
  },
  {
    "name": "Before Start in node_modules/egg-core/lib/egg.js:303:10",
    "start": 1596852076768,
    "end": 1596852076833,
    "duration": 65,
    "pid": 8476,
    "index": 90
  }
]