[
  {
    "name": "Application Start",
    "start": 1596852074155,
    "end": 1596852077488,
    "duration": 3333,
    "pid": 19556,
    "index": 0
  },
  {
    "name": "Load Plugin",
    "start": 1596852074167,
    "end": 1596852074246,
    "duration": 79,
    "pid": 19556,
    "index": 1
  },
  {
    "name": "Load Config",
    "start": 1596852074246,
    "end": 1596852074316,
    "duration": 70,
    "pid": 19556,
    "index": 2
  },
  {
    "name": "Require(0) config/config.default.js",
    "start": 1596852074248,
    "end": 1596852074261,
    "duration": 13,
    "pid": 19556,
    "index": 3
  },
  {
    "name": "Require(1) node_modules/egg-session/config/config.default.js",
    "start": 1596852074266,
    "end": 1596852074266,
    "duration": 0,
    "pid": 19556,
    "index": 4
  },
  {
    "name": "Require(2) node_modules/egg-security/config/config.default.js",
    "start": 1596852074267,
    "end": 1596852074268,
    "duration": 1,
    "pid": 19556,
    "index": 5
  },
  {
    "name": "Require(3) node_modules/egg-jsonp/config/config.default.js",
    "start": 1596852074270,
    "end": 1596852074270,
    "duration": 0,
    "pid": 19556,
    "index": 6
  },
  {
    "name": "Require(4) node_modules/egg-onerror/config/config.default.js",
    "start": 1596852074271,
    "end": 1596852074272,
    "duration": 1,
    "pid": 19556,
    "index": 7
  },
  {
    "name": "Require(5) node_modules/egg-i18n/config/config.default.js",
    "start": 1596852074273,
    "end": 1596852074273,
    "duration": 0,
    "pid": 19556,
    "index": 8
  },
  {
    "name": "Require(6) node_modules/egg-watcher/config/config.default.js",
    "start": 1596852074275,
    "end": 1596852074275,
    "duration": 0,
    "pid": 19556,
    "index": 9
  },
  {
    "name": "Require(7) node_modules/egg-schedule/config/config.default.js",
    "start": 1596852074276,
    "end": 1596852074276,
    "duration": 0,
    "pid": 19556,
    "index": 10
  },
  {
    "name": "Require(8) node_modules/egg-multipart/config/config.default.js",
    "start": 1596852074277,
    "end": 1596852074278,
    "duration": 1,
    "pid": 19556,
    "index": 11
  },
  {
    "name": "Require(9) node_modules/egg-logrotator/config/config.default.js",
    "start": 1596852074279,
    "end": 1596852074280,
    "duration": 1,
    "pid": 19556,
    "index": 12
  },
  {
    "name": "Require(10) node_modules/egg-static/config/config.default.js",
    "start": 1596852074281,
    "end": 1596852074281,
    "duration": 0,
    "pid": 19556,
    "index": 13
  },
  {
    "name": "Require(11) node_modules/egg-view/config/config.default.js",
    "start": 1596852074283,
    "end": 1596852074283,
    "duration": 0,
    "pid": 19556,
    "index": 14
  },
  {
    "name": "Require(12) node_modules/egg-mysql/config/config.default.js",
    "start": 1596852074284,
    "end": 1596852074285,
    "duration": 1,
    "pid": 19556,
    "index": 15
  },
  {
    "name": "Require(13) node_modules/egg-sequelize/config/config.default.js",
    "start": 1596852074286,
    "end": 1596852074286,
    "duration": 0,
    "pid": 19556,
    "index": 16
  },
  {
    "name": "Require(14) node_modules/egg-redis/config/config.default.js",
    "start": 1596852074287,
    "end": 1596852074290,
    "duration": 3,
    "pid": 19556,
    "index": 17
  },
  {
    "name": "Require(15) node_modules/egg-session-redis/config/config.default.js",
    "start": 1596852074291,
    "end": 1596852074291,
    "duration": 0,
    "pid": 19556,
    "index": 18
  },
  {
    "name": "Require(16) node_modules/egg-validate/config/config.default.js",
    "start": 1596852074293,
    "end": 1596852074294,
    "duration": 1,
    "pid": 19556,
    "index": 19
  },
  {
    "name": "Require(17) node_modules/egg-jwt/config/config.default.js",
    "start": 1596852074295,
    "end": 1596852074295,
    "duration": 0,
    "pid": 19556,
    "index": 20
  },
  {
    "name": "Require(18) node_modules/egg-socket.io/config/config.default.js",
    "start": 1596852074299,
    "end": 1596852074300,
    "duration": 1,
    "pid": 19556,
    "index": 21
  },
  {
    "name": "Require(19) node_modules/egg/config/config.default.js",
    "start": 1596852074300,
    "end": 1596852074301,
    "duration": 1,
    "pid": 19556,
    "index": 22
  },
  {
    "name": "Require(20) config/config.default.js",
    "start": 1596852074304,
    "end": 1596852074304,
    "duration": 0,
    "pid": 19556,
    "index": 23
  },
  {
    "name": "Require(21) node_modules/egg-static/config/config.prod.js",
    "start": 1596852074310,
    "end": 1596852074311,
    "duration": 1,
    "pid": 19556,
    "index": 24
  },
  {
    "name": "Load extend/application.js",
    "start": 1596852074319,
    "end": 1596852074571,
    "duration": 252,
    "pid": 19556,
    "index": 25
  },
  {
    "name": "Require(22) node_modules/egg-session/app/extend/application.js",
    "start": 1596852074320,
    "end": 1596852074320,
    "duration": 0,
    "pid": 19556,
    "index": 26
  },
  {
    "name": "Require(23) node_modules/egg-security/app/extend/application.js",
    "start": 1596852074321,
    "end": 1596852074323,
    "duration": 2,
    "pid": 19556,
    "index": 27
  },
  {
    "name": "Require(24) node_modules/egg-jsonp/app/extend/application.js",
    "start": 1596852074324,
    "end": 1596852074329,
    "duration": 5,
    "pid": 19556,
    "index": 28
  },
  {
    "name": "Require(25) node_modules/egg-logrotator/app/extend/application.js",
    "start": 1596852074332,
    "end": 1596852074335,
    "duration": 3,
    "pid": 19556,
    "index": 29
  },
  {
    "name": "Require(26) node_modules/egg-view/app/extend/application.js",
    "start": 1596852074336,
    "end": 1596852074339,
    "duration": 3,
    "pid": 19556,
    "index": 30
  },
  {
    "name": "Require(27) node_modules/egg-jwt/app/extend/application.js",
    "start": 1596852074343,
    "end": 1596852074423,
    "duration": 80,
    "pid": 19556,
    "index": 31
  },
  {
    "name": "Require(28) node_modules/egg-socket.io/app/extend/application.js",
    "start": 1596852074425,
    "end": 1596852074501,
    "duration": 76,
    "pid": 19556,
    "index": 32
  },
  {
    "name": "Require(29) app/extend/application.js",
    "start": 1596852074502,
    "end": 1596852074561,
    "duration": 59,
    "pid": 19556,
    "index": 33
  },
  {
    "name": "Load extend/request.js",
    "start": 1596852074571,
    "end": 1596852074595,
    "duration": 24,
    "pid": 19556,
    "index": 34
  },
  {
    "name": "Require(30) node_modules/egg/app/extend/request.js",
    "start": 1596852074583,
    "end": 1596852074584,
    "duration": 1,
    "pid": 19556,
    "index": 35
  },
  {
    "name": "Load extend/response.js",
    "start": 1596852074595,
    "end": 1596852074619,
    "duration": 24,
    "pid": 19556,
    "index": 36
  },
  {
    "name": "Require(31) node_modules/egg/app/extend/response.js",
    "start": 1596852074604,
    "end": 1596852074607,
    "duration": 3,
    "pid": 19556,
    "index": 37
  },
  {
    "name": "Load extend/context.js",
    "start": 1596852074619,
    "end": 1596852074796,
    "duration": 177,
    "pid": 19556,
    "index": 38
  },
  {
    "name": "Require(32) node_modules/egg-security/app/extend/context.js",
    "start": 1596852074620,
    "end": 1596852074644,
    "duration": 24,
    "pid": 19556,
    "index": 39
  },
  {
    "name": "Require(33) node_modules/egg-jsonp/app/extend/context.js",
    "start": 1596852074645,
    "end": 1596852074647,
    "duration": 2,
    "pid": 19556,
    "index": 40
  },
  {
    "name": "Require(34) node_modules/egg-i18n/app/extend/context.js",
    "start": 1596852074648,
    "end": 1596852074649,
    "duration": 1,
    "pid": 19556,
    "index": 41
  },
  {
    "name": "Require(35) node_modules/egg-multipart/app/extend/context.js",
    "start": 1596852074651,
    "end": 1596852074770,
    "duration": 119,
    "pid": 19556,
    "index": 42
  },
  {
    "name": "Require(36) node_modules/egg-view/app/extend/context.js",
    "start": 1596852074771,
    "end": 1596852074773,
    "duration": 2,
    "pid": 19556,
    "index": 43
  },
  {
    "name": "Require(37) node_modules/egg-validate/app/extend/context.js",
    "start": 1596852074776,
    "end": 1596852074778,
    "duration": 2,
    "pid": 19556,
    "index": 44
  },
  {
    "name": "Require(38) node_modules/egg-passport/app/extend/context.js",
    "start": 1596852074779,
    "end": 1596852074780,
    "duration": 1,
    "pid": 19556,
    "index": 45
  },
  {
    "name": "Require(39) node_modules/egg/app/extend/context.js",
    "start": 1596852074781,
    "end": 1596852074784,
    "duration": 3,
    "pid": 19556,
    "index": 46
  },
  {
    "name": "Require(40) app/extend/context.js",
    "start": 1596852074784,
    "end": 1596852074785,
    "duration": 1,
    "pid": 19556,
    "index": 47
  },
  {
    "name": "Load extend/helper.js",
    "start": 1596852074796,
    "end": 1596852074866,
    "duration": 70,
    "pid": 19556,
    "index": 48
  },
  {
    "name": "Require(41) node_modules/egg-security/app/extend/helper.js",
    "start": 1596852074797,
    "end": 1596852074833,
    "duration": 36,
    "pid": 19556,
    "index": 49
  },
  {
    "name": "Require(42) node_modules/egg/app/extend/helper.js",
    "start": 1596852074842,
    "end": 1596852074842,
    "duration": 0,
    "pid": 19556,
    "index": 50
  },
  {
    "name": "Require(43) app/extend/helper.js",
    "start": 1596852074843,
    "end": 1596852074844,
    "duration": 1,
    "pid": 19556,
    "index": 51
  },
  {
    "name": "Load app.js",
    "start": 1596852074867,
    "end": 1596852075194,
    "duration": 327,
    "pid": 19556,
    "index": 52
  },
  {
    "name": "Require(44) node_modules/egg-session/app.js",
    "start": 1596852074867,
    "end": 1596852074868,
    "duration": 1,
    "pid": 19556,
    "index": 53
  },
  {
    "name": "Require(45) node_modules/egg-security/app.js",
    "start": 1596852074869,
    "end": 1596852074872,
    "duration": 3,
    "pid": 19556,
    "index": 54
  },
  {
    "name": "Require(46) node_modules/egg-onerror/app.js",
    "start": 1596852074878,
    "end": 1596852074914,
    "duration": 36,
    "pid": 19556,
    "index": 55
  },
  {
    "name": "Require(47) node_modules/egg-i18n/app.js",
    "start": 1596852074916,
    "end": 1596852074949,
    "duration": 33,
    "pid": 19556,
    "index": 56
  },
  {
    "name": "Require(48) node_modules/egg-watcher/app.js",
    "start": 1596852074949,
    "end": 1596852074956,
    "duration": 7,
    "pid": 19556,
    "index": 57
  },
  {
    "name": "Require(49) node_modules/egg-schedule/app.js",
    "start": 1596852074957,
    "end": 1596852074960,
    "duration": 3,
    "pid": 19556,
    "index": 58
  },
  {
    "name": "Require(50) node_modules/egg-multipart/app.js",
    "start": 1596852074960,
    "end": 1596852074961,
    "duration": 1,
    "pid": 19556,
    "index": 59
  },
  {
    "name": "Require(51) node_modules/egg-logrotator/app.js",
    "start": 1596852074962,
    "end": 1596852074963,
    "duration": 1,
    "pid": 19556,
    "index": 60
  },
  {
    "name": "Require(52) node_modules/egg-static/app.js",
    "start": 1596852074964,
    "end": 1596852074964,
    "duration": 0,
    "pid": 19556,
    "index": 61
  },
  {
    "name": "Require(53) node_modules/egg-mysql/app.js",
    "start": 1596852074966,
    "end": 1596852075025,
    "duration": 59,
    "pid": 19556,
    "index": 62
  },
  {
    "name": "Require(54) node_modules/egg-sequelize/app.js",
    "start": 1596852075026,
    "end": 1596852075026,
    "duration": 0,
    "pid": 19556,
    "index": 63
  },
  {
    "name": "Require(55) node_modules/egg-redis/app.js",
    "start": 1596852075027,
    "end": 1596852075029,
    "duration": 2,
    "pid": 19556,
    "index": 64
  },
  {
    "name": "Require(56) node_modules/egg-session-redis/app.js",
    "start": 1596852075030,
    "end": 1596852075031,
    "duration": 1,
    "pid": 19556,
    "index": 65
  },
  {
    "name": "Require(57) node_modules/egg-validate/app.js",
    "start": 1596852075031,
    "end": 1596852075040,
    "duration": 9,
    "pid": 19556,
    "index": 66
  },
  {
    "name": "Require(58) node_modules/egg-jwt/app.js",
    "start": 1596852075041,
    "end": 1596852075042,
    "duration": 1,
    "pid": 19556,
    "index": 67
  },
  {
    "name": "Require(59) node_modules/egg-passport/app.js",
    "start": 1596852075043,
    "end": 1596852075095,
    "duration": 52,
    "pid": 19556,
    "index": 68
  },
  {
    "name": "Require(60) node_modules/egg-socket.io/app.js",
    "start": 1596852075096,
    "end": 1596852075189,
    "duration": 93,
    "pid": 19556,
    "index": 69
  },
  {
    "name": "Require(61) app.js",
    "start": 1596852075193,
    "end": 1596852075194,
    "duration": 1,
    "pid": 19556,
    "index": 70
  },
  {
    "name": "Before Start in node_modules/egg-watcher/lib/init.js:15:14",
    "start": 1596852075223,
    "end": 1596852076969,
    "duration": 1746,
    "pid": 19556,
    "index": 71
  },
  {
    "name": "Before Start in node_modules/egg-mysql/lib/mysql.js:20:7",
    "start": 1596852075466,
    "end": 1596852077135,
    "duration": 1669,
    "pid": 19556,
    "index": 72
  },
  {
    "name": "Load \"Symbol(model)\" to Application",
    "start": 1596852076264,
    "end": 1596852076398,
    "duration": 134,
    "pid": 19556,
    "index": 73
  },
  {
    "name": "Before Start in node_modules/egg-sequelize/lib/loader.js:39:7",
    "start": 1596852076399,
    "end": 1596852077487,
    "duration": 1088,
    "pid": 19556,
    "index": 74
  },
  {
    "name": "Before Start in node_modules/egg-redis/lib/redis.js:53:7",
    "start": 1596852076556,
    "end": 1596852076557,
    "duration": 1,
    "pid": 19556,
    "index": 75
  },
  {
    "name": "Before Start in node_modules/egg-redis/lib/redis.js:53:7",
    "start": 1596852076557,
    "end": 1596852076557,
    "duration": 0,
    "pid": 19556,
    "index": 76
  },
  {
    "name": "Before Start in node_modules/egg-redis/lib/redis.js:53:7",
    "start": 1596852076557,
    "end": 1596852077103,
    "duration": 546,
    "pid": 19556,
    "index": 77
  },
  {
    "name": "Load Controller",
    "start": 1596852076575,
    "end": 1596852076832,
    "duration": 257,
    "pid": 19556,
    "index": 78
  },
  {
    "name": "Load \"controller\" to Application",
    "start": 1596852076575,
    "end": 1596852076832,
    "duration": 257,
    "pid": 19556,
    "index": 79
  },
  {
    "name": "Before Start in node_modules/egg-socket.io/lib/io.js:26:7",
    "start": 1596852076588,
    "end": 1596852076945,
    "duration": 357,
    "pid": 19556,
    "index": 80
  },
  {
    "name": "Before Start in app.js:4:7",
    "start": 1596852076588,
    "end": 1596852076945,
    "duration": 357,
    "pid": 19556,
    "index": 81
  },
  {
    "name": "Load Service",
    "start": 1596852076589,
    "end": 1596852076629,
    "duration": 40,
    "pid": 19556,
    "index": 82
  },
  {
    "name": "Load \"service\" to Context",
    "start": 1596852076590,
    "end": 1596852076629,
    "duration": 39,
    "pid": 19556,
    "index": 83
  },
  {
    "name": "Load Middleware",
    "start": 1596852076630,
    "end": 1596852076832,
    "duration": 202,
    "pid": 19556,
    "index": 84
  },
  {
    "name": "Load \"middlewares\" to Application",
    "start": 1596852076630,
    "end": 1596852076805,
    "duration": 175,
    "pid": 19556,
    "index": 85
  },
  {
    "name": "Load Controller",
    "start": 1596852076832,
    "end": 1596852076872,
    "duration": 40,
    "pid": 19556,
    "index": 86
  },
  {
    "name": "Load \"controller\" to Application",
    "start": 1596852076832,
    "end": 1596852076872,
    "duration": 40,
    "pid": 19556,
    "index": 87
  },
  {
    "name": "Load Router",
    "start": 1596852076872,
    "end": 1596852076885,
    "duration": 13,
    "pid": 19556,
    "index": 88
  },
  {
    "name": "Require(62) app/router.js",
    "start": 1596852076873,
    "end": 1596852076877,
    "duration": 4,
    "pid": 19556,
    "index": 89
  },
  {
    "name": "Before Start in node_modules/egg-core/lib/egg.js:303:10",
    "start": 1596852076878,
    "end": 1596852076945,
    "duration": 67,
    "pid": 19556,
    "index": 90
  }
]