[
  {
    "name": "Application Start",
    "start": 1596852074224,
    "end": 1596852077440,
    "duration": 3216,
    "pid": 22128,
    "index": 0
  },
  {
    "name": "Load Plugin",
    "start": 1596852074237,
    "end": 1596852074302,
    "duration": 65,
    "pid": 22128,
    "index": 1
  },
  {
    "name": "Load Config",
    "start": 1596852074302,
    "end": 1596852074370,
    "duration": 68,
    "pid": 22128,
    "index": 2
  },
  {
    "name": "Require(0) config/config.default.js",
    "start": 1596852074304,
    "end": 1596852074317,
    "duration": 13,
    "pid": 22128,
    "index": 3
  },
  {
    "name": "Require(1) node_modules/egg-session/config/config.default.js",
    "start": 1596852074323,
    "end": 1596852074323,
    "duration": 0,
    "pid": 22128,
    "index": 4
  },
  {
    "name": "Require(2) node_modules/egg-security/config/config.default.js",
    "start": 1596852074324,
    "end": 1596852074325,
    "duration": 1,
    "pid": 22128,
    "index": 5
  },
  {
    "name": "Require(3) node_modules/egg-jsonp/config/config.default.js",
    "start": 1596852074327,
    "end": 1596852074328,
    "duration": 1,
    "pid": 22128,
    "index": 6
  },
  {
    "name": "Require(4) node_modules/egg-onerror/config/config.default.js",
    "start": 1596852074329,
    "end": 1596852074329,
    "duration": 0,
    "pid": 22128,
    "index": 7
  },
  {
    "name": "Require(5) node_modules/egg-i18n/config/config.default.js",
    "start": 1596852074330,
    "end": 1596852074331,
    "duration": 1,
    "pid": 22128,
    "index": 8
  },
  {
    "name": "Require(6) node_modules/egg-watcher/config/config.default.js",
    "start": 1596852074332,
    "end": 1596852074332,
    "duration": 0,
    "pid": 22128,
    "index": 9
  },
  {
    "name": "Require(7) node_modules/egg-schedule/config/config.default.js",
    "start": 1596852074333,
    "end": 1596852074334,
    "duration": 1,
    "pid": 22128,
    "index": 10
  },
  {
    "name": "Require(8) node_modules/egg-multipart/config/config.default.js",
    "start": 1596852074335,
    "end": 1596852074335,
    "duration": 0,
    "pid": 22128,
    "index": 11
  },
  {
    "name": "Require(9) node_modules/egg-logrotator/config/config.default.js",
    "start": 1596852074337,
    "end": 1596852074337,
    "duration": 0,
    "pid": 22128,
    "index": 12
  },
  {
    "name": "Require(10) node_modules/egg-static/config/config.default.js",
    "start": 1596852074338,
    "end": 1596852074339,
    "duration": 1,
    "pid": 22128,
    "index": 13
  },
  {
    "name": "Require(11) node_modules/egg-view/config/config.default.js",
    "start": 1596852074340,
    "end": 1596852074341,
    "duration": 1,
    "pid": 22128,
    "index": 14
  },
  {
    "name": "Require(12) node_modules/egg-mysql/config/config.default.js",
    "start": 1596852074342,
    "end": 1596852074342,
    "duration": 0,
    "pid": 22128,
    "index": 15
  },
  {
    "name": "Require(13) node_modules/egg-sequelize/config/config.default.js",
    "start": 1596852074343,
    "end": 1596852074344,
    "duration": 1,
    "pid": 22128,
    "index": 16
  },
  {
    "name": "Require(14) node_modules/egg-redis/config/config.default.js",
    "start": 1596852074345,
    "end": 1596852074345,
    "duration": 0,
    "pid": 22128,
    "index": 17
  },
  {
    "name": "Require(15) node_modules/egg-session-redis/config/config.default.js",
    "start": 1596852074346,
    "end": 1596852074346,
    "duration": 0,
    "pid": 22128,
    "index": 18
  },
  {
    "name": "Require(16) node_modules/egg-validate/config/config.default.js",
    "start": 1596852074347,
    "end": 1596852074348,
    "duration": 1,
    "pid": 22128,
    "index": 19
  },
  {
    "name": "Require(17) node_modules/egg-jwt/config/config.default.js",
    "start": 1596852074349,
    "end": 1596852074349,
    "duration": 0,
    "pid": 22128,
    "index": 20
  },
  {
    "name": "Require(18) node_modules/egg-socket.io/config/config.default.js",
    "start": 1596852074351,
    "end": 1596852074351,
    "duration": 0,
    "pid": 22128,
    "index": 21
  },
  {
    "name": "Require(19) node_modules/egg/config/config.default.js",
    "start": 1596852074353,
    "end": 1596852074354,
    "duration": 1,
    "pid": 22128,
    "index": 22
  },
  {
    "name": "Require(20) config/config.default.js",
    "start": 1596852074357,
    "end": 1596852074357,
    "duration": 0,
    "pid": 22128,
    "index": 23
  },
  {
    "name": "Require(21) node_modules/egg-static/config/config.prod.js",
    "start": 1596852074365,
    "end": 1596852074365,
    "duration": 0,
    "pid": 22128,
    "index": 24
  },
  {
    "name": "Load extend/application.js",
    "start": 1596852074373,
    "end": 1596852074629,
    "duration": 256,
    "pid": 22128,
    "index": 25
  },
  {
    "name": "Require(22) node_modules/egg-session/app/extend/application.js",
    "start": 1596852074375,
    "end": 1596852074377,
    "duration": 2,
    "pid": 22128,
    "index": 26
  },
  {
    "name": "Require(23) node_modules/egg-security/app/extend/application.js",
    "start": 1596852074378,
    "end": 1596852074380,
    "duration": 2,
    "pid": 22128,
    "index": 27
  },
  {
    "name": "Require(24) node_modules/egg-jsonp/app/extend/application.js",
    "start": 1596852074381,
    "end": 1596852074384,
    "duration": 3,
    "pid": 22128,
    "index": 28
  },
  {
    "name": "Require(25) node_modules/egg-logrotator/app/extend/application.js",
    "start": 1596852074387,
    "end": 1596852074390,
    "duration": 3,
    "pid": 22128,
    "index": 29
  },
  {
    "name": "Require(26) node_modules/egg-view/app/extend/application.js",
    "start": 1596852074391,
    "end": 1596852074394,
    "duration": 3,
    "pid": 22128,
    "index": 30
  },
  {
    "name": "Require(27) node_modules/egg-jwt/app/extend/application.js",
    "start": 1596852074398,
    "end": 1596852074478,
    "duration": 80,
    "pid": 22128,
    "index": 31
  },
  {
    "name": "Require(28) node_modules/egg-socket.io/app/extend/application.js",
    "start": 1596852074479,
    "end": 1596852074559,
    "duration": 80,
    "pid": 22128,
    "index": 32
  },
  {
    "name": "Require(29) app/extend/application.js",
    "start": 1596852074561,
    "end": 1596852074620,
    "duration": 59,
    "pid": 22128,
    "index": 33
  },
  {
    "name": "Load extend/request.js",
    "start": 1596852074629,
    "end": 1596852074653,
    "duration": 24,
    "pid": 22128,
    "index": 34
  },
  {
    "name": "Require(30) node_modules/egg/app/extend/request.js",
    "start": 1596852074640,
    "end": 1596852074642,
    "duration": 2,
    "pid": 22128,
    "index": 35
  },
  {
    "name": "Load extend/response.js",
    "start": 1596852074653,
    "end": 1596852074679,
    "duration": 26,
    "pid": 22128,
    "index": 36
  },
  {
    "name": "Require(31) node_modules/egg/app/extend/response.js",
    "start": 1596852074665,
    "end": 1596852074668,
    "duration": 3,
    "pid": 22128,
    "index": 37
  },
  {
    "name": "Load extend/context.js",
    "start": 1596852074679,
    "end": 1596852074857,
    "duration": 178,
    "pid": 22128,
    "index": 38
  },
  {
    "name": "Require(32) node_modules/egg-security/app/extend/context.js",
    "start": 1596852074680,
    "end": 1596852074699,
    "duration": 19,
    "pid": 22128,
    "index": 39
  },
  {
    "name": "Require(33) node_modules/egg-jsonp/app/extend/context.js",
    "start": 1596852074699,
    "end": 1596852074701,
    "duration": 2,
    "pid": 22128,
    "index": 40
  },
  {
    "name": "Require(34) node_modules/egg-i18n/app/extend/context.js",
    "start": 1596852074703,
    "end": 1596852074703,
    "duration": 0,
    "pid": 22128,
    "index": 41
  },
  {
    "name": "Require(35) node_modules/egg-multipart/app/extend/context.js",
    "start": 1596852074705,
    "end": 1596852074830,
    "duration": 125,
    "pid": 22128,
    "index": 42
  },
  {
    "name": "Require(36) node_modules/egg-view/app/extend/context.js",
    "start": 1596852074831,
    "end": 1596852074833,
    "duration": 2,
    "pid": 22128,
    "index": 43
  },
  {
    "name": "Require(37) node_modules/egg-validate/app/extend/context.js",
    "start": 1596852074836,
    "end": 1596852074837,
    "duration": 1,
    "pid": 22128,
    "index": 44
  },
  {
    "name": "Require(38) node_modules/egg-passport/app/extend/context.js",
    "start": 1596852074838,
    "end": 1596852074839,
    "duration": 1,
    "pid": 22128,
    "index": 45
  },
  {
    "name": "Require(39) node_modules/egg/app/extend/context.js",
    "start": 1596852074840,
    "end": 1596852074842,
    "duration": 2,
    "pid": 22128,
    "index": 46
  },
  {
    "name": "Require(40) app/extend/context.js",
    "start": 1596852074843,
    "end": 1596852074844,
    "duration": 1,
    "pid": 22128,
    "index": 47
  },
  {
    "name": "Load extend/helper.js",
    "start": 1596852074858,
    "end": 1596852074928,
    "duration": 70,
    "pid": 22128,
    "index": 48
  },
  {
    "name": "Require(41) node_modules/egg-security/app/extend/helper.js",
    "start": 1596852074859,
    "end": 1596852074900,
    "duration": 41,
    "pid": 22128,
    "index": 49
  },
  {
    "name": "Require(42) node_modules/egg/app/extend/helper.js",
    "start": 1596852074913,
    "end": 1596852074914,
    "duration": 1,
    "pid": 22128,
    "index": 50
  },
  {
    "name": "Require(43) app/extend/helper.js",
    "start": 1596852074915,
    "end": 1596852074916,
    "duration": 1,
    "pid": 22128,
    "index": 51
  },
  {
    "name": "Load app.js",
    "start": 1596852074928,
    "end": 1596852075226,
    "duration": 298,
    "pid": 22128,
    "index": 52
  },
  {
    "name": "Require(44) node_modules/egg-session/app.js",
    "start": 1596852074931,
    "end": 1596852074932,
    "duration": 1,
    "pid": 22128,
    "index": 53
  },
  {
    "name": "Require(45) node_modules/egg-security/app.js",
    "start": 1596852074933,
    "end": 1596852074936,
    "duration": 3,
    "pid": 22128,
    "index": 54
  },
  {
    "name": "Require(46) node_modules/egg-onerror/app.js",
    "start": 1596852074938,
    "end": 1596852074953,
    "duration": 15,
    "pid": 22128,
    "index": 55
  },
  {
    "name": "Require(47) node_modules/egg-i18n/app.js",
    "start": 1596852074954,
    "end": 1596852074986,
    "duration": 32,
    "pid": 22128,
    "index": 56
  },
  {
    "name": "Require(48) node_modules/egg-watcher/app.js",
    "start": 1596852074987,
    "end": 1596852074994,
    "duration": 7,
    "pid": 22128,
    "index": 57
  },
  {
    "name": "Require(49) node_modules/egg-schedule/app.js",
    "start": 1596852074995,
    "end": 1596852074998,
    "duration": 3,
    "pid": 22128,
    "index": 58
  },
  {
    "name": "Require(50) node_modules/egg-multipart/app.js",
    "start": 1596852075000,
    "end": 1596852075001,
    "duration": 1,
    "pid": 22128,
    "index": 59
  },
  {
    "name": "Require(51) node_modules/egg-logrotator/app.js",
    "start": 1596852075002,
    "end": 1596852075003,
    "duration": 1,
    "pid": 22128,
    "index": 60
  },
  {
    "name": "Require(52) node_modules/egg-static/app.js",
    "start": 1596852075004,
    "end": 1596852075004,
    "duration": 0,
    "pid": 22128,
    "index": 61
  },
  {
    "name": "Require(53) node_modules/egg-mysql/app.js",
    "start": 1596852075012,
    "end": 1596852075063,
    "duration": 51,
    "pid": 22128,
    "index": 62
  },
  {
    "name": "Require(54) node_modules/egg-sequelize/app.js",
    "start": 1596852075063,
    "end": 1596852075064,
    "duration": 1,
    "pid": 22128,
    "index": 63
  },
  {
    "name": "Require(55) node_modules/egg-redis/app.js",
    "start": 1596852075064,
    "end": 1596852075067,
    "duration": 3,
    "pid": 22128,
    "index": 64
  },
  {
    "name": "Require(56) node_modules/egg-session-redis/app.js",
    "start": 1596852075067,
    "end": 1596852075068,
    "duration": 1,
    "pid": 22128,
    "index": 65
  },
  {
    "name": "Require(57) node_modules/egg-validate/app.js",
    "start": 1596852075069,
    "end": 1596852075073,
    "duration": 4,
    "pid": 22128,
    "index": 66
  },
  {
    "name": "Require(58) node_modules/egg-jwt/app.js",
    "start": 1596852075074,
    "end": 1596852075074,
    "duration": 0,
    "pid": 22128,
    "index": 67
  },
  {
    "name": "Require(59) node_modules/egg-passport/app.js",
    "start": 1596852075075,
    "end": 1596852075130,
    "duration": 55,
    "pid": 22128,
    "index": 68
  },
  {
    "name": "Require(60) node_modules/egg-socket.io/app.js",
    "start": 1596852075131,
    "end": 1596852075223,
    "duration": 92,
    "pid": 22128,
    "index": 69
  },
  {
    "name": "Require(61) app.js",
    "start": 1596852075225,
    "end": 1596852075226,
    "duration": 1,
    "pid": 22128,
    "index": 70
  },
  {
    "name": "Before Start in node_modules/egg-watcher/lib/init.js:15:14",
    "start": 1596852075257,
    "end": 1596852076928,
    "duration": 1671,
    "pid": 22128,
    "index": 71
  },
  {
    "name": "Before Start in node_modules/egg-mysql/lib/mysql.js:20:7",
    "start": 1596852075473,
    "end": 1596852077093,
    "duration": 1620,
    "pid": 22128,
    "index": 72
  },
  {
    "name": "Load \"Symbol(model)\" to Application",
    "start": 1596852076255,
    "end": 1596852076382,
    "duration": 127,
    "pid": 22128,
    "index": 73
  },
  {
    "name": "Before Start in node_modules/egg-sequelize/lib/loader.js:39:7",
    "start": 1596852076382,
    "end": 1596852077439,
    "duration": 1057,
    "pid": 22128,
    "index": 74
  },
  {
    "name": "Before Start in node_modules/egg-redis/lib/redis.js:53:7",
    "start": 1596852076507,
    "end": 1596852076508,
    "duration": 1,
    "pid": 22128,
    "index": 75
  },
  {
    "name": "Before Start in node_modules/egg-redis/lib/redis.js:53:7",
    "start": 1596852076508,
    "end": 1596852076508,
    "duration": 0,
    "pid": 22128,
    "index": 76
  },
  {
    "name": "Before Start in node_modules/egg-redis/lib/redis.js:53:7",
    "start": 1596852076508,
    "end": 1596852077044,
    "duration": 536,
    "pid": 22128,
    "index": 77
  },
  {
    "name": "Load Controller",
    "start": 1596852076528,
    "end": 1596852076794,
    "duration": 266,
    "pid": 22128,
    "index": 78
  },
  {
    "name": "Load \"controller\" to Application",
    "start": 1596852076528,
    "end": 1596852076794,
    "duration": 266,
    "pid": 22128,
    "index": 79
  },
  {
    "name": "Before Start in node_modules/egg-socket.io/lib/io.js:26:7",
    "start": 1596852076560,
    "end": 1596852076890,
    "duration": 330,
    "pid": 22128,
    "index": 80
  },
  {
    "name": "Before Start in app.js:4:7",
    "start": 1596852076561,
    "end": 1596852076890,
    "duration": 329,
    "pid": 22128,
    "index": 81
  },
  {
    "name": "Load Service",
    "start": 1596852076561,
    "end": 1596852076602,
    "duration": 41,
    "pid": 22128,
    "index": 82
  },
  {
    "name": "Load \"service\" to Context",
    "start": 1596852076561,
    "end": 1596852076602,
    "duration": 41,
    "pid": 22128,
    "index": 83
  },
  {
    "name": "Load Middleware",
    "start": 1596852076602,
    "end": 1596852076794,
    "duration": 192,
    "pid": 22128,
    "index": 84
  },
  {
    "name": "Load \"middlewares\" to Application",
    "start": 1596852076603,
    "end": 1596852076769,
    "duration": 166,
    "pid": 22128,
    "index": 85
  },
  {
    "name": "Load Controller",
    "start": 1596852076794,
    "end": 1596852076822,
    "duration": 28,
    "pid": 22128,
    "index": 86
  },
  {
    "name": "Load \"controller\" to Application",
    "start": 1596852076794,
    "end": 1596852076821,
    "duration": 27,
    "pid": 22128,
    "index": 87
  },
  {
    "name": "Load Router",
    "start": 1596852076822,
    "end": 1596852076832,
    "duration": 10,
    "pid": 22128,
    "index": 88
  },
  {
    "name": "Require(62) app/router.js",
    "start": 1596852076822,
    "end": 1596852076823,
    "duration": 1,
    "pid": 22128,
    "index": 89
  },
  {
    "name": "Before Start in node_modules/egg-core/lib/egg.js:303:10",
    "start": 1596852076824,
    "end": 1596852076890,
    "duration": 66,
    "pid": 22128,
    "index": 90
  }
]