[
  {
    "name": "Application Start",
    "start": 1596851588130,
    "end": 1596851590356,
    "duration": 2226,
    "pid": 21248,
    "index": 0
  },
  {
    "name": "Load Plugin",
    "start": 1596851588139,
    "end": 1596851588190,
    "duration": 51,
    "pid": 21248,
    "index": 1
  },
  {
    "name": "Load Config",
    "start": 1596851588190,
    "end": 1596851588245,
    "duration": 55,
    "pid": 21248,
    "index": 2
  },
  {
    "name": "Require(0) config/config.default.js",
    "start": 1596851588191,
    "end": 1596851588202,
    "duration": 11,
    "pid": 21248,
    "index": 3
  },
  {
    "name": "Require(1) node_modules/egg-session/config/config.default.js",
    "start": 1596851588205,
    "end": 1596851588205,
    "duration": 0,
    "pid": 21248,
    "index": 4
  },
  {
    "name": "Require(2) node_modules/egg-security/config/config.default.js",
    "start": 1596851588206,
    "end": 1596851588206,
    "duration": 0,
    "pid": 21248,
    "index": 5
  },
  {
    "name": "Require(3) node_modules/egg-jsonp/config/config.default.js",
    "start": 1596851588208,
    "end": 1596851588208,
    "duration": 0,
    "pid": 21248,
    "index": 6
  },
  {
    "name": "Require(4) node_modules/egg-onerror/config/config.default.js",
    "start": 1596851588209,
    "end": 1596851588209,
    "duration": 0,
    "pid": 21248,
    "index": 7
  },
  {
    "name": "Require(5) node_modules/egg-i18n/config/config.default.js",
    "start": 1596851588210,
    "end": 1596851588211,
    "duration": 1,
    "pid": 21248,
    "index": 8
  },
  {
    "name": "Require(6) node_modules/egg-watcher/config/config.default.js",
    "start": 1596851588212,
    "end": 1596851588212,
    "duration": 0,
    "pid": 21248,
    "index": 9
  },
  {
    "name": "Require(7) node_modules/egg-schedule/config/config.default.js",
    "start": 1596851588213,
    "end": 1596851588213,
    "duration": 0,
    "pid": 21248,
    "index": 10
  },
  {
    "name": "Require(8) node_modules/egg-multipart/config/config.default.js",
    "start": 1596851588214,
    "end": 1596851588215,
    "duration": 1,
    "pid": 21248,
    "index": 11
  },
  {
    "name": "Require(9) node_modules/egg-development/config/config.default.js",
    "start": 1596851588216,
    "end": 1596851588217,
    "duration": 1,
    "pid": 21248,
    "index": 12
  },
  {
    "name": "Require(10) node_modules/egg-logrotator/config/config.default.js",
    "start": 1596851588218,
    "end": 1596851588218,
    "duration": 0,
    "pid": 21248,
    "index": 13
  },
  {
    "name": "Require(11) node_modules/egg-static/config/config.default.js",
    "start": 1596851588219,
    "end": 1596851588219,
    "duration": 0,
    "pid": 21248,
    "index": 14
  },
  {
    "name": "Require(12) node_modules/egg-view/config/config.default.js",
    "start": 1596851588220,
    "end": 1596851588220,
    "duration": 0,
    "pid": 21248,
    "index": 15
  },
  {
    "name": "Require(13) node_modules/egg-mysql/config/config.default.js",
    "start": 1596851588221,
    "end": 1596851588221,
    "duration": 0,
    "pid": 21248,
    "index": 16
  },
  {
    "name": "Require(14) node_modules/egg-sequelize/config/config.default.js",
    "start": 1596851588222,
    "end": 1596851588222,
    "duration": 0,
    "pid": 21248,
    "index": 17
  },
  {
    "name": "Require(15) node_modules/egg-redis/config/config.default.js",
    "start": 1596851588223,
    "end": 1596851588223,
    "duration": 0,
    "pid": 21248,
    "index": 18
  },
  {
    "name": "Require(16) node_modules/egg-session-redis/config/config.default.js",
    "start": 1596851588224,
    "end": 1596851588224,
    "duration": 0,
    "pid": 21248,
    "index": 19
  },
  {
    "name": "Require(17) node_modules/egg-validate/config/config.default.js",
    "start": 1596851588227,
    "end": 1596851588227,
    "duration": 0,
    "pid": 21248,
    "index": 20
  },
  {
    "name": "Require(18) node_modules/egg-jwt/config/config.default.js",
    "start": 1596851588228,
    "end": 1596851588228,
    "duration": 0,
    "pid": 21248,
    "index": 21
  },
  {
    "name": "Require(19) node_modules/egg-socket.io/config/config.default.js",
    "start": 1596851588230,
    "end": 1596851588230,
    "duration": 0,
    "pid": 21248,
    "index": 22
  },
  {
    "name": "Require(20) node_modules/egg/config/config.default.js",
    "start": 1596851588231,
    "end": 1596851588232,
    "duration": 1,
    "pid": 21248,
    "index": 23
  },
  {
    "name": "Require(21) config/config.default.js",
    "start": 1596851588235,
    "end": 1596851588236,
    "duration": 1,
    "pid": 21248,
    "index": 24
  },
  {
    "name": "Require(22) node_modules/egg-security/config/config.local.js",
    "start": 1596851588237,
    "end": 1596851588237,
    "duration": 0,
    "pid": 21248,
    "index": 25
  },
  {
    "name": "Require(23) node_modules/egg-watcher/config/config.local.js",
    "start": 1596851588239,
    "end": 1596851588239,
    "duration": 0,
    "pid": 21248,
    "index": 26
  },
  {
    "name": "Require(24) node_modules/egg-view/config/config.local.js",
    "start": 1596851588241,
    "end": 1596851588241,
    "duration": 0,
    "pid": 21248,
    "index": 27
  },
  {
    "name": "Require(25) node_modules/egg/config/config.local.js",
    "start": 1596851588244,
    "end": 1596851588245,
    "duration": 1,
    "pid": 21248,
    "index": 28
  },
  {
    "name": "Load extend/application.js",
    "start": 1596851588246,
    "end": 1596851588450,
    "duration": 204,
    "pid": 21248,
    "index": 29
  },
  {
    "name": "Require(26) node_modules/egg-session/app/extend/application.js",
    "start": 1596851588248,
    "end": 1596851588248,
    "duration": 0,
    "pid": 21248,
    "index": 30
  },
  {
    "name": "Require(27) node_modules/egg-security/app/extend/application.js",
    "start": 1596851588250,
    "end": 1596851588252,
    "duration": 2,
    "pid": 21248,
    "index": 31
  },
  {
    "name": "Require(28) node_modules/egg-jsonp/app/extend/application.js",
    "start": 1596851588253,
    "end": 1596851588255,
    "duration": 2,
    "pid": 21248,
    "index": 32
  },
  {
    "name": "Require(29) node_modules/egg-logrotator/app/extend/application.js",
    "start": 1596851588258,
    "end": 1596851588260,
    "duration": 2,
    "pid": 21248,
    "index": 33
  },
  {
    "name": "Require(30) node_modules/egg-view/app/extend/application.js",
    "start": 1596851588262,
    "end": 1596851588265,
    "duration": 3,
    "pid": 21248,
    "index": 34
  },
  {
    "name": "Require(31) node_modules/egg-jwt/app/extend/application.js",
    "start": 1596851588268,
    "end": 1596851588344,
    "duration": 76,
    "pid": 21248,
    "index": 35
  },
  {
    "name": "Require(32) node_modules/egg-socket.io/app/extend/application.js",
    "start": 1596851588345,
    "end": 1596851588402,
    "duration": 57,
    "pid": 21248,
    "index": 36
  },
  {
    "name": "Require(33) app/extend/application.js",
    "start": 1596851588403,
    "end": 1596851588442,
    "duration": 39,
    "pid": 21248,
    "index": 37
  },
  {
    "name": "Load extend/request.js",
    "start": 1596851588450,
    "end": 1596851588469,
    "duration": 19,
    "pid": 21248,
    "index": 38
  },
  {
    "name": "Require(34) node_modules/egg/app/extend/request.js",
    "start": 1596851588459,
    "end": 1596851588461,
    "duration": 2,
    "pid": 21248,
    "index": 39
  },
  {
    "name": "Load extend/response.js",
    "start": 1596851588469,
    "end": 1596851588491,
    "duration": 22,
    "pid": 21248,
    "index": 40
  },
  {
    "name": "Require(35) node_modules/egg/app/extend/response.js",
    "start": 1596851588478,
    "end": 1596851588481,
    "duration": 3,
    "pid": 21248,
    "index": 41
  },
  {
    "name": "Load extend/context.js",
    "start": 1596851588491,
    "end": 1596851588654,
    "duration": 163,
    "pid": 21248,
    "index": 42
  },
  {
    "name": "Require(36) node_modules/egg-security/app/extend/context.js",
    "start": 1596851588492,
    "end": 1596851588508,
    "duration": 16,
    "pid": 21248,
    "index": 43
  },
  {
    "name": "Require(37) node_modules/egg-jsonp/app/extend/context.js",
    "start": 1596851588508,
    "end": 1596851588510,
    "duration": 2,
    "pid": 21248,
    "index": 44
  },
  {
    "name": "Require(38) node_modules/egg-i18n/app/extend/context.js",
    "start": 1596851588512,
    "end": 1596851588513,
    "duration": 1,
    "pid": 21248,
    "index": 45
  },
  {
    "name": "Require(39) node_modules/egg-multipart/app/extend/context.js",
    "start": 1596851588514,
    "end": 1596851588634,
    "duration": 120,
    "pid": 21248,
    "index": 46
  },
  {
    "name": "Require(40) node_modules/egg-view/app/extend/context.js",
    "start": 1596851588635,
    "end": 1596851588637,
    "duration": 2,
    "pid": 21248,
    "index": 47
  },
  {
    "name": "Require(41) node_modules/egg-validate/app/extend/context.js",
    "start": 1596851588640,
    "end": 1596851588640,
    "duration": 0,
    "pid": 21248,
    "index": 48
  },
  {
    "name": "Require(42) node_modules/egg-passport/app/extend/context.js",
    "start": 1596851588642,
    "end": 1596851588643,
    "duration": 1,
    "pid": 21248,
    "index": 49
  },
  {
    "name": "Require(43) node_modules/egg/app/extend/context.js",
    "start": 1596851588643,
    "end": 1596851588645,
    "duration": 2,
    "pid": 21248,
    "index": 50
  },
  {
    "name": "Require(44) app/extend/context.js",
    "start": 1596851588645,
    "end": 1596851588646,
    "duration": 1,
    "pid": 21248,
    "index": 51
  },
  {
    "name": "Load extend/helper.js",
    "start": 1596851588654,
    "end": 1596851588700,
    "duration": 46,
    "pid": 21248,
    "index": 52
  },
  {
    "name": "Require(45) node_modules/egg-security/app/extend/helper.js",
    "start": 1596851588656,
    "end": 1596851588685,
    "duration": 29,
    "pid": 21248,
    "index": 53
  },
  {
    "name": "Require(46) node_modules/egg/app/extend/helper.js",
    "start": 1596851588691,
    "end": 1596851588692,
    "duration": 1,
    "pid": 21248,
    "index": 54
  },
  {
    "name": "Require(47) app/extend/helper.js",
    "start": 1596851588692,
    "end": 1596851588693,
    "duration": 1,
    "pid": 21248,
    "index": 55
  },
  {
    "name": "Load app.js",
    "start": 1596851588700,
    "end": 1596851588854,
    "duration": 154,
    "pid": 21248,
    "index": 56
  },
  {
    "name": "Require(48) node_modules/egg-session/app.js",
    "start": 1596851588701,
    "end": 1596851588702,
    "duration": 1,
    "pid": 21248,
    "index": 57
  },
  {
    "name": "Require(49) node_modules/egg-security/app.js",
    "start": 1596851588703,
    "end": 1596851588706,
    "duration": 3,
    "pid": 21248,
    "index": 58
  },
  {
    "name": "Require(50) node_modules/egg-onerror/app.js",
    "start": 1596851588707,
    "end": 1596851588721,
    "duration": 14,
    "pid": 21248,
    "index": 59
  },
  {
    "name": "Require(51) node_modules/egg-i18n/app.js",
    "start": 1596851588721,
    "end": 1596851588741,
    "duration": 20,
    "pid": 21248,
    "index": 60
  },
  {
    "name": "Require(52) node_modules/egg-watcher/app.js",
    "start": 1596851588742,
    "end": 1596851588746,
    "duration": 4,
    "pid": 21248,
    "index": 61
  },
  {
    "name": "Require(53) node_modules/egg-schedule/app.js",
    "start": 1596851588747,
    "end": 1596851588749,
    "duration": 2,
    "pid": 21248,
    "index": 62
  },
  {
    "name": "Require(54) node_modules/egg-multipart/app.js",
    "start": 1596851588749,
    "end": 1596851588750,
    "duration": 1,
    "pid": 21248,
    "index": 63
  },
  {
    "name": "Require(55) node_modules/egg-development/app.js",
    "start": 1596851588751,
    "end": 1596851588751,
    "duration": 0,
    "pid": 21248,
    "index": 64
  },
  {
    "name": "Require(56) node_modules/egg-logrotator/app.js",
    "start": 1596851588752,
    "end": 1596851588752,
    "duration": 0,
    "pid": 21248,
    "index": 65
  },
  {
    "name": "Require(57) node_modules/egg-static/app.js",
    "start": 1596851588752,
    "end": 1596851588753,
    "duration": 1,
    "pid": 21248,
    "index": 66
  },
  {
    "name": "Require(58) node_modules/egg-mysql/app.js",
    "start": 1596851588754,
    "end": 1596851588775,
    "duration": 21,
    "pid": 21248,
    "index": 67
  },
  {
    "name": "Require(59) node_modules/egg-sequelize/app.js",
    "start": 1596851588775,
    "end": 1596851588775,
    "duration": 0,
    "pid": 21248,
    "index": 68
  },
  {
    "name": "Require(60) node_modules/egg-redis/app.js",
    "start": 1596851588776,
    "end": 1596851588778,
    "duration": 2,
    "pid": 21248,
    "index": 69
  },
  {
    "name": "Require(61) node_modules/egg-session-redis/app.js",
    "start": 1596851588778,
    "end": 1596851588778,
    "duration": 0,
    "pid": 21248,
    "index": 70
  },
  {
    "name": "Require(62) node_modules/egg-validate/app.js",
    "start": 1596851588779,
    "end": 1596851588781,
    "duration": 2,
    "pid": 21248,
    "index": 71
  },
  {
    "name": "Require(63) node_modules/egg-jwt/app.js",
    "start": 1596851588781,
    "end": 1596851588782,
    "duration": 1,
    "pid": 21248,
    "index": 72
  },
  {
    "name": "Require(64) node_modules/egg-passport/app.js",
    "start": 1596851588782,
    "end": 1596851588807,
    "duration": 25,
    "pid": 21248,
    "index": 73
  },
  {
    "name": "Require(65) node_modules/egg-socket.io/app.js",
    "start": 1596851588807,
    "end": 1596851588852,
    "duration": 45,
    "pid": 21248,
    "index": 74
  },
  {
    "name": "Require(66) app.js",
    "start": 1596851588853,
    "end": 1596851588853,
    "duration": 0,
    "pid": 21248,
    "index": 75
  },
  {
    "name": "Before Start in node_modules/egg-watcher/lib/init.js:15:14",
    "start": 1596851588869,
    "end": 1596851589803,
    "duration": 934,
    "pid": 21248,
    "index": 76
  },
  {
    "name": "Before Start in node_modules/egg-mysql/lib/mysql.js:20:7",
    "start": 1596851588994,
    "end": 1596851589992,
    "duration": 998,
    "pid": 21248,
    "index": 77
  },
  {
    "name": "Load \"Symbol(model)\" to Application",
    "start": 1596851589437,
    "end": 1596851589489,
    "duration": 52,
    "pid": 21248,
    "index": 78
  },
  {
    "name": "Before Start in node_modules/egg-sequelize/lib/loader.js:39:7",
    "start": 1596851589489,
    "end": 1596851590355,
    "duration": 866,
    "pid": 21248,
    "index": 79
  },
  {
    "name": "Before Start in node_modules/egg-redis/lib/redis.js:53:7",
    "start": 1596851589559,
    "end": 1596851589559,
    "duration": 0,
    "pid": 21248,
    "index": 80
  },
  {
    "name": "Before Start in node_modules/egg-redis/lib/redis.js:53:7",
    "start": 1596851589559,
    "end": 1596851589560,
    "duration": 1,
    "pid": 21248,
    "index": 81
  },
  {
    "name": "Before Start in node_modules/egg-redis/lib/redis.js:53:7",
    "start": 1596851589560,
    "end": 1596851589944,
    "duration": 384,
    "pid": 21248,
    "index": 82
  },
  {
    "name": "Load Controller",
    "start": 1596851589574,
    "end": 1596851589736,
    "duration": 162,
    "pid": 21248,
    "index": 83
  },
  {
    "name": "Load \"controller\" to Application",
    "start": 1596851589574,
    "end": 1596851589736,
    "duration": 162,
    "pid": 21248,
    "index": 84
  },
  {
    "name": "Before Start in node_modules/egg-socket.io/lib/io.js:26:7",
    "start": 1596851589584,
    "end": 1596851589785,
    "duration": 201,
    "pid": 21248,
    "index": 85
  },
  {
    "name": "Before Start in app.js:4:7",
    "start": 1596851589584,
    "end": 1596851589785,
    "duration": 201,
    "pid": 21248,
    "index": 86
  },
  {
    "name": "Load Service",
    "start": 1596851589584,
    "end": 1596851589609,
    "duration": 25,
    "pid": 21248,
    "index": 87
  },
  {
    "name": "Load \"service\" to Context",
    "start": 1596851589585,
    "end": 1596851589609,
    "duration": 24,
    "pid": 21248,
    "index": 88
  },
  {
    "name": "Load Middleware",
    "start": 1596851589610,
    "end": 1596851589736,
    "duration": 126,
    "pid": 21248,
    "index": 89
  },
  {
    "name": "Load \"middlewares\" to Application",
    "start": 1596851589610,
    "end": 1596851589723,
    "duration": 113,
    "pid": 21248,
    "index": 90
  },
  {
    "name": "Load Controller",
    "start": 1596851589736,
    "end": 1596851589752,
    "duration": 16,
    "pid": 21248,
    "index": 91
  },
  {
    "name": "Load \"controller\" to Application",
    "start": 1596851589736,
    "end": 1596851589752,
    "duration": 16,
    "pid": 21248,
    "index": 92
  },
  {
    "name": "Load Router",
    "start": 1596851589752,
    "end": 1596851589755,
    "duration": 3,
    "pid": 21248,
    "index": 93
  },
  {
    "name": "Require(67) app/router.js",
    "start": 1596851589752,
    "end": 1596851589753,
    "duration": 1,
    "pid": 21248,
    "index": 94
  },
  {
    "name": "Before Start in node_modules/egg-core/lib/egg.js:303:10",
    "start": 1596851589753,
    "end": 1596851589785,
    "duration": 32,
    "pid": 21248,
    "index": 95
  }
]