[
  {
    "name": "Application Start",
    "start": 1596851939845,
    "end": 1596851942451,
    "duration": 2606,
    "pid": 26524,
    "index": 0
  },
  {
    "name": "Load Plugin",
    "start": 1596851939868,
    "end": 1596851939962,
    "duration": 94,
    "pid": 26524,
    "index": 1
  },
  {
    "name": "Load Config",
    "start": 1596851939962,
    "end": 1596851940049,
    "duration": 87,
    "pid": 26524,
    "index": 2
  },
  {
    "name": "Require(0) config/config.default.js",
    "start": 1596851939964,
    "end": 1596851939985,
    "duration": 21,
    "pid": 26524,
    "index": 3
  },
  {
    "name": "Require(1) node_modules/egg-session/config/config.default.js",
    "start": 1596851939994,
    "end": 1596851939995,
    "duration": 1,
    "pid": 26524,
    "index": 4
  },
  {
    "name": "Require(2) node_modules/egg-security/config/config.default.js",
    "start": 1596851939996,
    "end": 1596851939997,
    "duration": 1,
    "pid": 26524,
    "index": 5
  },
  {
    "name": "Require(3) node_modules/egg-jsonp/config/config.default.js",
    "start": 1596851939999,
    "end": 1596851940001,
    "duration": 2,
    "pid": 26524,
    "index": 6
  },
  {
    "name": "Require(4) node_modules/egg-onerror/config/config.default.js",
    "start": 1596851940003,
    "end": 1596851940003,
    "duration": 0,
    "pid": 26524,
    "index": 7
  },
  {
    "name": "Require(5) node_modules/egg-i18n/config/config.default.js",
    "start": 1596851940004,
    "end": 1596851940005,
    "duration": 1,
    "pid": 26524,
    "index": 8
  },
  {
    "name": "Require(6) node_modules/egg-watcher/config/config.default.js",
    "start": 1596851940006,
    "end": 1596851940006,
    "duration": 0,
    "pid": 26524,
    "index": 9
  },
  {
    "name": "Require(7) node_modules/egg-schedule/config/config.default.js",
    "start": 1596851940007,
    "end": 1596851940008,
    "duration": 1,
    "pid": 26524,
    "index": 10
  },
  {
    "name": "Require(8) node_modules/egg-multipart/config/config.default.js",
    "start": 1596851940009,
    "end": 1596851940010,
    "duration": 1,
    "pid": 26524,
    "index": 11
  },
  {
    "name": "Require(9) node_modules/egg-development/config/config.default.js",
    "start": 1596851940012,
    "end": 1596851940012,
    "duration": 0,
    "pid": 26524,
    "index": 12
  },
  {
    "name": "Require(10) node_modules/egg-logrotator/config/config.default.js",
    "start": 1596851940013,
    "end": 1596851940014,
    "duration": 1,
    "pid": 26524,
    "index": 13
  },
  {
    "name": "Require(11) node_modules/egg-static/config/config.default.js",
    "start": 1596851940015,
    "end": 1596851940015,
    "duration": 0,
    "pid": 26524,
    "index": 14
  },
  {
    "name": "Require(12) node_modules/egg-view/config/config.default.js",
    "start": 1596851940018,
    "end": 1596851940019,
    "duration": 1,
    "pid": 26524,
    "index": 15
  },
  {
    "name": "Require(13) node_modules/egg-mysql/config/config.default.js",
    "start": 1596851940021,
    "end": 1596851940021,
    "duration": 0,
    "pid": 26524,
    "index": 16
  },
  {
    "name": "Require(14) node_modules/egg-sequelize/config/config.default.js",
    "start": 1596851940022,
    "end": 1596851940023,
    "duration": 1,
    "pid": 26524,
    "index": 17
  },
  {
    "name": "Require(15) node_modules/egg-redis/config/config.default.js",
    "start": 1596851940023,
    "end": 1596851940024,
    "duration": 1,
    "pid": 26524,
    "index": 18
  },
  {
    "name": "Require(16) node_modules/egg-session-redis/config/config.default.js",
    "start": 1596851940024,
    "end": 1596851940025,
    "duration": 1,
    "pid": 26524,
    "index": 19
  },
  {
    "name": "Require(17) node_modules/egg-validate/config/config.default.js",
    "start": 1596851940025,
    "end": 1596851940026,
    "duration": 1,
    "pid": 26524,
    "index": 20
  },
  {
    "name": "Require(18) node_modules/egg-jwt/config/config.default.js",
    "start": 1596851940026,
    "end": 1596851940027,
    "duration": 1,
    "pid": 26524,
    "index": 21
  },
  {
    "name": "Require(19) node_modules/egg-socket.io/config/config.default.js",
    "start": 1596851940028,
    "end": 1596851940029,
    "duration": 1,
    "pid": 26524,
    "index": 22
  },
  {
    "name": "Require(20) node_modules/egg/config/config.default.js",
    "start": 1596851940030,
    "end": 1596851940031,
    "duration": 1,
    "pid": 26524,
    "index": 23
  },
  {
    "name": "Require(21) config/config.default.js",
    "start": 1596851940034,
    "end": 1596851940034,
    "duration": 0,
    "pid": 26524,
    "index": 24
  },
  {
    "name": "Require(22) node_modules/egg-security/config/config.local.js",
    "start": 1596851940036,
    "end": 1596851940037,
    "duration": 1,
    "pid": 26524,
    "index": 25
  },
  {
    "name": "Require(23) node_modules/egg-watcher/config/config.local.js",
    "start": 1596851940039,
    "end": 1596851940039,
    "duration": 0,
    "pid": 26524,
    "index": 26
  },
  {
    "name": "Require(24) node_modules/egg-view/config/config.local.js",
    "start": 1596851940043,
    "end": 1596851940043,
    "duration": 0,
    "pid": 26524,
    "index": 27
  },
  {
    "name": "Require(25) node_modules/egg/config/config.local.js",
    "start": 1596851940048,
    "end": 1596851940048,
    "duration": 0,
    "pid": 26524,
    "index": 28
  },
  {
    "name": "Load extend/application.js",
    "start": 1596851940051,
    "end": 1596851940377,
    "duration": 326,
    "pid": 26524,
    "index": 29
  },
  {
    "name": "Require(26) node_modules/egg-session/app/extend/application.js",
    "start": 1596851940053,
    "end": 1596851940053,
    "duration": 0,
    "pid": 26524,
    "index": 30
  },
  {
    "name": "Require(27) node_modules/egg-security/app/extend/application.js",
    "start": 1596851940055,
    "end": 1596851940059,
    "duration": 4,
    "pid": 26524,
    "index": 31
  },
  {
    "name": "Require(28) node_modules/egg-jsonp/app/extend/application.js",
    "start": 1596851940061,
    "end": 1596851940064,
    "duration": 3,
    "pid": 26524,
    "index": 32
  },
  {
    "name": "Require(29) node_modules/egg-logrotator/app/extend/application.js",
    "start": 1596851940071,
    "end": 1596851940073,
    "duration": 2,
    "pid": 26524,
    "index": 33
  },
  {
    "name": "Require(30) node_modules/egg-view/app/extend/application.js",
    "start": 1596851940074,
    "end": 1596851940078,
    "duration": 4,
    "pid": 26524,
    "index": 34
  },
  {
    "name": "Require(31) node_modules/egg-jwt/app/extend/application.js",
    "start": 1596851940081,
    "end": 1596851940225,
    "duration": 144,
    "pid": 26524,
    "index": 35
  },
  {
    "name": "Require(32) node_modules/egg-socket.io/app/extend/application.js",
    "start": 1596851940227,
    "end": 1596851940321,
    "duration": 94,
    "pid": 26524,
    "index": 36
  },
  {
    "name": "Require(33) app/extend/application.js",
    "start": 1596851940321,
    "end": 1596851940366,
    "duration": 45,
    "pid": 26524,
    "index": 37
  },
  {
    "name": "Load extend/request.js",
    "start": 1596851940377,
    "end": 1596851940415,
    "duration": 38,
    "pid": 26524,
    "index": 38
  },
  {
    "name": "Require(34) node_modules/egg/app/extend/request.js",
    "start": 1596851940392,
    "end": 1596851940393,
    "duration": 1,
    "pid": 26524,
    "index": 39
  },
  {
    "name": "Load extend/response.js",
    "start": 1596851940415,
    "end": 1596851940438,
    "duration": 23,
    "pid": 26524,
    "index": 40
  },
  {
    "name": "Require(35) node_modules/egg/app/extend/response.js",
    "start": 1596851940427,
    "end": 1596851940429,
    "duration": 2,
    "pid": 26524,
    "index": 41
  },
  {
    "name": "Load extend/context.js",
    "start": 1596851940438,
    "end": 1596851940548,
    "duration": 110,
    "pid": 26524,
    "index": 42
  },
  {
    "name": "Require(36) node_modules/egg-security/app/extend/context.js",
    "start": 1596851940439,
    "end": 1596851940454,
    "duration": 15,
    "pid": 26524,
    "index": 43
  },
  {
    "name": "Require(37) node_modules/egg-jsonp/app/extend/context.js",
    "start": 1596851940455,
    "end": 1596851940457,
    "duration": 2,
    "pid": 26524,
    "index": 44
  },
  {
    "name": "Require(38) node_modules/egg-i18n/app/extend/context.js",
    "start": 1596851940458,
    "end": 1596851940459,
    "duration": 1,
    "pid": 26524,
    "index": 45
  },
  {
    "name": "Require(39) node_modules/egg-multipart/app/extend/context.js",
    "start": 1596851940461,
    "end": 1596851940531,
    "duration": 70,
    "pid": 26524,
    "index": 46
  },
  {
    "name": "Require(40) node_modules/egg-view/app/extend/context.js",
    "start": 1596851940532,
    "end": 1596851940534,
    "duration": 2,
    "pid": 26524,
    "index": 47
  },
  {
    "name": "Require(41) node_modules/egg-validate/app/extend/context.js",
    "start": 1596851940537,
    "end": 1596851940537,
    "duration": 0,
    "pid": 26524,
    "index": 48
  },
  {
    "name": "Require(42) node_modules/egg-passport/app/extend/context.js",
    "start": 1596851940538,
    "end": 1596851940538,
    "duration": 0,
    "pid": 26524,
    "index": 49
  },
  {
    "name": "Require(43) node_modules/egg/app/extend/context.js",
    "start": 1596851940539,
    "end": 1596851940540,
    "duration": 1,
    "pid": 26524,
    "index": 50
  },
  {
    "name": "Require(44) app/extend/context.js",
    "start": 1596851940541,
    "end": 1596851940541,
    "duration": 0,
    "pid": 26524,
    "index": 51
  },
  {
    "name": "Load extend/helper.js",
    "start": 1596851940548,
    "end": 1596851940588,
    "duration": 40,
    "pid": 26524,
    "index": 52
  },
  {
    "name": "Require(45) node_modules/egg-security/app/extend/helper.js",
    "start": 1596851940548,
    "end": 1596851940570,
    "duration": 22,
    "pid": 26524,
    "index": 53
  },
  {
    "name": "Require(46) node_modules/egg/app/extend/helper.js",
    "start": 1596851940579,
    "end": 1596851940580,
    "duration": 1,
    "pid": 26524,
    "index": 54
  },
  {
    "name": "Require(47) app/extend/helper.js",
    "start": 1596851940580,
    "end": 1596851940581,
    "duration": 1,
    "pid": 26524,
    "index": 55
  },
  {
    "name": "Load app.js",
    "start": 1596851940588,
    "end": 1596851940759,
    "duration": 171,
    "pid": 26524,
    "index": 56
  },
  {
    "name": "Require(48) node_modules/egg-session/app.js",
    "start": 1596851940589,
    "end": 1596851940589,
    "duration": 0,
    "pid": 26524,
    "index": 57
  },
  {
    "name": "Require(49) node_modules/egg-security/app.js",
    "start": 1596851940590,
    "end": 1596851940592,
    "duration": 2,
    "pid": 26524,
    "index": 58
  },
  {
    "name": "Require(50) node_modules/egg-onerror/app.js",
    "start": 1596851940595,
    "end": 1596851940610,
    "duration": 15,
    "pid": 26524,
    "index": 59
  },
  {
    "name": "Require(51) node_modules/egg-i18n/app.js",
    "start": 1596851940611,
    "end": 1596851940629,
    "duration": 18,
    "pid": 26524,
    "index": 60
  },
  {
    "name": "Require(52) node_modules/egg-watcher/app.js",
    "start": 1596851940630,
    "end": 1596851940636,
    "duration": 6,
    "pid": 26524,
    "index": 61
  },
  {
    "name": "Require(53) node_modules/egg-schedule/app.js",
    "start": 1596851940637,
    "end": 1596851940638,
    "duration": 1,
    "pid": 26524,
    "index": 62
  },
  {
    "name": "Require(54) node_modules/egg-multipart/app.js",
    "start": 1596851940639,
    "end": 1596851940639,
    "duration": 0,
    "pid": 26524,
    "index": 63
  },
  {
    "name": "Require(55) node_modules/egg-development/app.js",
    "start": 1596851940640,
    "end": 1596851940640,
    "duration": 0,
    "pid": 26524,
    "index": 64
  },
  {
    "name": "Require(56) node_modules/egg-logrotator/app.js",
    "start": 1596851940641,
    "end": 1596851940641,
    "duration": 0,
    "pid": 26524,
    "index": 65
  },
  {
    "name": "Require(57) node_modules/egg-static/app.js",
    "start": 1596851940641,
    "end": 1596851940642,
    "duration": 1,
    "pid": 26524,
    "index": 66
  },
  {
    "name": "Require(58) node_modules/egg-mysql/app.js",
    "start": 1596851940643,
    "end": 1596851940666,
    "duration": 23,
    "pid": 26524,
    "index": 67
  },
  {
    "name": "Require(59) node_modules/egg-sequelize/app.js",
    "start": 1596851940667,
    "end": 1596851940668,
    "duration": 1,
    "pid": 26524,
    "index": 68
  },
  {
    "name": "Require(60) node_modules/egg-redis/app.js",
    "start": 1596851940668,
    "end": 1596851940670,
    "duration": 2,
    "pid": 26524,
    "index": 69
  },
  {
    "name": "Require(61) node_modules/egg-session-redis/app.js",
    "start": 1596851940671,
    "end": 1596851940672,
    "duration": 1,
    "pid": 26524,
    "index": 70
  },
  {
    "name": "Require(62) node_modules/egg-validate/app.js",
    "start": 1596851940672,
    "end": 1596851940674,
    "duration": 2,
    "pid": 26524,
    "index": 71
  },
  {
    "name": "Require(63) node_modules/egg-jwt/app.js",
    "start": 1596851940675,
    "end": 1596851940675,
    "duration": 0,
    "pid": 26524,
    "index": 72
  },
  {
    "name": "Require(64) node_modules/egg-passport/app.js",
    "start": 1596851940675,
    "end": 1596851940702,
    "duration": 27,
    "pid": 26524,
    "index": 73
  },
  {
    "name": "Require(65) node_modules/egg-socket.io/app.js",
    "start": 1596851940703,
    "end": 1596851940757,
    "duration": 54,
    "pid": 26524,
    "index": 74
  },
  {
    "name": "Require(66) app.js",
    "start": 1596851940759,
    "end": 1596851940759,
    "duration": 0,
    "pid": 26524,
    "index": 75
  },
  {
    "name": "Before Start in node_modules/egg-watcher/lib/init.js:15:14",
    "start": 1596851940777,
    "end": 1596851941806,
    "duration": 1029,
    "pid": 26524,
    "index": 76
  },
  {
    "name": "Before Start in node_modules/egg-mysql/lib/mysql.js:20:7",
    "start": 1596851940913,
    "end": 1596851942054,
    "duration": 1141,
    "pid": 26524,
    "index": 77
  },
  {
    "name": "Load \"Symbol(model)\" to Application",
    "start": 1596851941380,
    "end": 1596851941453,
    "duration": 73,
    "pid": 26524,
    "index": 78
  },
  {
    "name": "Before Start in node_modules/egg-sequelize/lib/loader.js:39:7",
    "start": 1596851941453,
    "end": 1596851942449,
    "duration": 996,
    "pid": 26524,
    "index": 79
  },
  {
    "name": "Before Start in node_modules/egg-redis/lib/redis.js:53:7",
    "start": 1596851941538,
    "end": 1596851941538,
    "duration": 0,
    "pid": 26524,
    "index": 80
  },
  {
    "name": "Before Start in node_modules/egg-redis/lib/redis.js:53:7",
    "start": 1596851941538,
    "end": 1596851941540,
    "duration": 2,
    "pid": 26524,
    "index": 81
  },
  {
    "name": "Before Start in node_modules/egg-redis/lib/redis.js:53:7",
    "start": 1596851941540,
    "end": 1596851941989,
    "duration": 449,
    "pid": 26524,
    "index": 82
  },
  {
    "name": "Load Controller",
    "start": 1596851941579,
    "end": 1596851941735,
    "duration": 156,
    "pid": 26524,
    "index": 83
  },
  {
    "name": "Load \"controller\" to Application",
    "start": 1596851941579,
    "end": 1596851941735,
    "duration": 156,
    "pid": 26524,
    "index": 84
  },
  {
    "name": "Before Start in node_modules/egg-socket.io/lib/io.js:26:7",
    "start": 1596851941590,
    "end": 1596851941790,
    "duration": 200,
    "pid": 26524,
    "index": 85
  },
  {
    "name": "Before Start in app.js:4:7",
    "start": 1596851941590,
    "end": 1596851941790,
    "duration": 200,
    "pid": 26524,
    "index": 86
  },
  {
    "name": "Load Service",
    "start": 1596851941590,
    "end": 1596851941615,
    "duration": 25,
    "pid": 26524,
    "index": 87
  },
  {
    "name": "Load \"service\" to Context",
    "start": 1596851941591,
    "end": 1596851941615,
    "duration": 24,
    "pid": 26524,
    "index": 88
  },
  {
    "name": "Load Middleware",
    "start": 1596851941615,
    "end": 1596851941735,
    "duration": 120,
    "pid": 26524,
    "index": 89
  },
  {
    "name": "Load \"middlewares\" to Application",
    "start": 1596851941616,
    "end": 1596851941723,
    "duration": 107,
    "pid": 26524,
    "index": 90
  },
  {
    "name": "Load Controller",
    "start": 1596851941735,
    "end": 1596851941750,
    "duration": 15,
    "pid": 26524,
    "index": 91
  },
  {
    "name": "Load \"controller\" to Application",
    "start": 1596851941735,
    "end": 1596851941750,
    "duration": 15,
    "pid": 26524,
    "index": 92
  },
  {
    "name": "Load Router",
    "start": 1596851941750,
    "end": 1596851941755,
    "duration": 5,
    "pid": 26524,
    "index": 93
  },
  {
    "name": "Require(67) app/router.js",
    "start": 1596851941751,
    "end": 1596851941752,
    "duration": 1,
    "pid": 26524,
    "index": 94
  },
  {
    "name": "Before Start in node_modules/egg-core/lib/egg.js:303:10",
    "start": 1596851941752,
    "end": 1596851941790,
    "duration": 38,
    "pid": 26524,
    "index": 95
  }
]