[
  {
    "name": "Application Start",
    "start": 1596851887013,
    "end": 1596851889679,
    "duration": 2666,
    "pid": 13636,
    "index": 0
  },
  {
    "name": "Load Plugin",
    "start": 1596851887020,
    "end": 1596851887066,
    "duration": 46,
    "pid": 13636,
    "index": 1
  },
  {
    "name": "Load Config",
    "start": 1596851887066,
    "end": 1596851887115,
    "duration": 49,
    "pid": 13636,
    "index": 2
  },
  {
    "name": "Require(0) config/config.default.js",
    "start": 1596851887067,
    "end": 1596851887078,
    "duration": 11,
    "pid": 13636,
    "index": 3
  },
  {
    "name": "Require(1) node_modules/egg-session/config/config.default.js",
    "start": 1596851887081,
    "end": 1596851887081,
    "duration": 0,
    "pid": 13636,
    "index": 4
  },
  {
    "name": "Require(2) node_modules/egg-security/config/config.default.js",
    "start": 1596851887082,
    "end": 1596851887082,
    "duration": 0,
    "pid": 13636,
    "index": 5
  },
  {
    "name": "Require(3) node_modules/egg-jsonp/config/config.default.js",
    "start": 1596851887083,
    "end": 1596851887084,
    "duration": 1,
    "pid": 13636,
    "index": 6
  },
  {
    "name": "Require(4) node_modules/egg-onerror/config/config.default.js",
    "start": 1596851887084,
    "end": 1596851887085,
    "duration": 1,
    "pid": 13636,
    "index": 7
  },
  {
    "name": "Require(5) node_modules/egg-i18n/config/config.default.js",
    "start": 1596851887085,
    "end": 1596851887086,
    "duration": 1,
    "pid": 13636,
    "index": 8
  },
  {
    "name": "Require(6) node_modules/egg-watcher/config/config.default.js",
    "start": 1596851887086,
    "end": 1596851887087,
    "duration": 1,
    "pid": 13636,
    "index": 9
  },
  {
    "name": "Require(7) node_modules/egg-schedule/config/config.default.js",
    "start": 1596851887087,
    "end": 1596851887088,
    "duration": 1,
    "pid": 13636,
    "index": 10
  },
  {
    "name": "Require(8) node_modules/egg-multipart/config/config.default.js",
    "start": 1596851887088,
    "end": 1596851887089,
    "duration": 1,
    "pid": 13636,
    "index": 11
  },
  {
    "name": "Require(9) node_modules/egg-development/config/config.default.js",
    "start": 1596851887090,
    "end": 1596851887090,
    "duration": 0,
    "pid": 13636,
    "index": 12
  },
  {
    "name": "Require(10) node_modules/egg-logrotator/config/config.default.js",
    "start": 1596851887091,
    "end": 1596851887091,
    "duration": 0,
    "pid": 13636,
    "index": 13
  },
  {
    "name": "Require(11) node_modules/egg-static/config/config.default.js",
    "start": 1596851887092,
    "end": 1596851887092,
    "duration": 0,
    "pid": 13636,
    "index": 14
  },
  {
    "name": "Require(12) node_modules/egg-view/config/config.default.js",
    "start": 1596851887094,
    "end": 1596851887095,
    "duration": 1,
    "pid": 13636,
    "index": 15
  },
  {
    "name": "Require(13) node_modules/egg-mysql/config/config.default.js",
    "start": 1596851887097,
    "end": 1596851887097,
    "duration": 0,
    "pid": 13636,
    "index": 16
  },
  {
    "name": "Require(14) node_modules/egg-sequelize/config/config.default.js",
    "start": 1596851887098,
    "end": 1596851887098,
    "duration": 0,
    "pid": 13636,
    "index": 17
  },
  {
    "name": "Require(15) node_modules/egg-redis/config/config.default.js",
    "start": 1596851887099,
    "end": 1596851887099,
    "duration": 0,
    "pid": 13636,
    "index": 18
  },
  {
    "name": "Require(16) node_modules/egg-session-redis/config/config.default.js",
    "start": 1596851887100,
    "end": 1596851887100,
    "duration": 0,
    "pid": 13636,
    "index": 19
  },
  {
    "name": "Require(17) node_modules/egg-validate/config/config.default.js",
    "start": 1596851887100,
    "end": 1596851887101,
    "duration": 1,
    "pid": 13636,
    "index": 20
  },
  {
    "name": "Require(18) node_modules/egg-jwt/config/config.default.js",
    "start": 1596851887101,
    "end": 1596851887102,
    "duration": 1,
    "pid": 13636,
    "index": 21
  },
  {
    "name": "Require(19) node_modules/egg-socket.io/config/config.default.js",
    "start": 1596851887103,
    "end": 1596851887103,
    "duration": 0,
    "pid": 13636,
    "index": 22
  },
  {
    "name": "Require(20) node_modules/egg/config/config.default.js",
    "start": 1596851887103,
    "end": 1596851887104,
    "duration": 1,
    "pid": 13636,
    "index": 23
  },
  {
    "name": "Require(21) config/config.default.js",
    "start": 1596851887105,
    "end": 1596851887105,
    "duration": 0,
    "pid": 13636,
    "index": 24
  },
  {
    "name": "Require(22) node_modules/egg-security/config/config.local.js",
    "start": 1596851887106,
    "end": 1596851887106,
    "duration": 0,
    "pid": 13636,
    "index": 25
  },
  {
    "name": "Require(23) node_modules/egg-watcher/config/config.local.js",
    "start": 1596851887108,
    "end": 1596851887108,
    "duration": 0,
    "pid": 13636,
    "index": 26
  },
  {
    "name": "Require(24) node_modules/egg-view/config/config.local.js",
    "start": 1596851887111,
    "end": 1596851887112,
    "duration": 1,
    "pid": 13636,
    "index": 27
  },
  {
    "name": "Require(25) node_modules/egg/config/config.local.js",
    "start": 1596851887115,
    "end": 1596851887115,
    "duration": 0,
    "pid": 13636,
    "index": 28
  },
  {
    "name": "Load extend/application.js",
    "start": 1596851887117,
    "end": 1596851887319,
    "duration": 202,
    "pid": 13636,
    "index": 29
  },
  {
    "name": "Require(26) node_modules/egg-session/app/extend/application.js",
    "start": 1596851887119,
    "end": 1596851887119,
    "duration": 0,
    "pid": 13636,
    "index": 30
  },
  {
    "name": "Require(27) node_modules/egg-security/app/extend/application.js",
    "start": 1596851887120,
    "end": 1596851887121,
    "duration": 1,
    "pid": 13636,
    "index": 31
  },
  {
    "name": "Require(28) node_modules/egg-jsonp/app/extend/application.js",
    "start": 1596851887122,
    "end": 1596851887126,
    "duration": 4,
    "pid": 13636,
    "index": 32
  },
  {
    "name": "Require(29) node_modules/egg-logrotator/app/extend/application.js",
    "start": 1596851887130,
    "end": 1596851887133,
    "duration": 3,
    "pid": 13636,
    "index": 33
  },
  {
    "name": "Require(30) node_modules/egg-view/app/extend/application.js",
    "start": 1596851887134,
    "end": 1596851887136,
    "duration": 2,
    "pid": 13636,
    "index": 34
  },
  {
    "name": "Require(31) node_modules/egg-jwt/app/extend/application.js",
    "start": 1596851887138,
    "end": 1596851887203,
    "duration": 65,
    "pid": 13636,
    "index": 35
  },
  {
    "name": "Require(32) node_modules/egg-socket.io/app/extend/application.js",
    "start": 1596851887204,
    "end": 1596851887280,
    "duration": 76,
    "pid": 13636,
    "index": 36
  },
  {
    "name": "Require(33) app/extend/application.js",
    "start": 1596851887281,
    "end": 1596851887312,
    "duration": 31,
    "pid": 13636,
    "index": 37
  },
  {
    "name": "Load extend/request.js",
    "start": 1596851887319,
    "end": 1596851887335,
    "duration": 16,
    "pid": 13636,
    "index": 38
  },
  {
    "name": "Require(34) node_modules/egg/app/extend/request.js",
    "start": 1596851887326,
    "end": 1596851887329,
    "duration": 3,
    "pid": 13636,
    "index": 39
  },
  {
    "name": "Load extend/response.js",
    "start": 1596851887335,
    "end": 1596851887354,
    "duration": 19,
    "pid": 13636,
    "index": 40
  },
  {
    "name": "Require(35) node_modules/egg/app/extend/response.js",
    "start": 1596851887343,
    "end": 1596851887346,
    "duration": 3,
    "pid": 13636,
    "index": 41
  },
  {
    "name": "Load extend/context.js",
    "start": 1596851887354,
    "end": 1596851887481,
    "duration": 127,
    "pid": 13636,
    "index": 42
  },
  {
    "name": "Require(36) node_modules/egg-security/app/extend/context.js",
    "start": 1596851887355,
    "end": 1596851887372,
    "duration": 17,
    "pid": 13636,
    "index": 43
  },
  {
    "name": "Require(37) node_modules/egg-jsonp/app/extend/context.js",
    "start": 1596851887372,
    "end": 1596851887376,
    "duration": 4,
    "pid": 13636,
    "index": 44
  },
  {
    "name": "Require(38) node_modules/egg-i18n/app/extend/context.js",
    "start": 1596851887377,
    "end": 1596851887378,
    "duration": 1,
    "pid": 13636,
    "index": 45
  },
  {
    "name": "Require(39) node_modules/egg-multipart/app/extend/context.js",
    "start": 1596851887379,
    "end": 1596851887464,
    "duration": 85,
    "pid": 13636,
    "index": 46
  },
  {
    "name": "Require(40) node_modules/egg-view/app/extend/context.js",
    "start": 1596851887465,
    "end": 1596851887467,
    "duration": 2,
    "pid": 13636,
    "index": 47
  },
  {
    "name": "Require(41) node_modules/egg-validate/app/extend/context.js",
    "start": 1596851887469,
    "end": 1596851887469,
    "duration": 0,
    "pid": 13636,
    "index": 48
  },
  {
    "name": "Require(42) node_modules/egg-passport/app/extend/context.js",
    "start": 1596851887470,
    "end": 1596851887470,
    "duration": 0,
    "pid": 13636,
    "index": 49
  },
  {
    "name": "Require(43) node_modules/egg/app/extend/context.js",
    "start": 1596851887471,
    "end": 1596851887472,
    "duration": 1,
    "pid": 13636,
    "index": 50
  },
  {
    "name": "Require(44) app/extend/context.js",
    "start": 1596851887473,
    "end": 1596851887473,
    "duration": 0,
    "pid": 13636,
    "index": 51
  },
  {
    "name": "Load extend/helper.js",
    "start": 1596851887481,
    "end": 1596851887526,
    "duration": 45,
    "pid": 13636,
    "index": 52
  },
  {
    "name": "Require(45) node_modules/egg-security/app/extend/helper.js",
    "start": 1596851887482,
    "end": 1596851887511,
    "duration": 29,
    "pid": 13636,
    "index": 53
  },
  {
    "name": "Require(46) node_modules/egg/app/extend/helper.js",
    "start": 1596851887518,
    "end": 1596851887518,
    "duration": 0,
    "pid": 13636,
    "index": 54
  },
  {
    "name": "Require(47) app/extend/helper.js",
    "start": 1596851887519,
    "end": 1596851887519,
    "duration": 0,
    "pid": 13636,
    "index": 55
  },
  {
    "name": "Load app.js",
    "start": 1596851887526,
    "end": 1596851887686,
    "duration": 160,
    "pid": 13636,
    "index": 56
  },
  {
    "name": "Require(48) node_modules/egg-session/app.js",
    "start": 1596851887527,
    "end": 1596851887527,
    "duration": 0,
    "pid": 13636,
    "index": 57
  },
  {
    "name": "Require(49) node_modules/egg-security/app.js",
    "start": 1596851887528,
    "end": 1596851887531,
    "duration": 3,
    "pid": 13636,
    "index": 58
  },
  {
    "name": "Require(50) node_modules/egg-onerror/app.js",
    "start": 1596851887533,
    "end": 1596851887547,
    "duration": 14,
    "pid": 13636,
    "index": 59
  },
  {
    "name": "Require(51) node_modules/egg-i18n/app.js",
    "start": 1596851887548,
    "end": 1596851887565,
    "duration": 17,
    "pid": 13636,
    "index": 60
  },
  {
    "name": "Require(52) node_modules/egg-watcher/app.js",
    "start": 1596851887566,
    "end": 1596851887571,
    "duration": 5,
    "pid": 13636,
    "index": 61
  },
  {
    "name": "Require(53) node_modules/egg-schedule/app.js",
    "start": 1596851887572,
    "end": 1596851887573,
    "duration": 1,
    "pid": 13636,
    "index": 62
  },
  {
    "name": "Require(54) node_modules/egg-multipart/app.js",
    "start": 1596851887574,
    "end": 1596851887574,
    "duration": 0,
    "pid": 13636,
    "index": 63
  },
  {
    "name": "Require(55) node_modules/egg-development/app.js",
    "start": 1596851887575,
    "end": 1596851887576,
    "duration": 1,
    "pid": 13636,
    "index": 64
  },
  {
    "name": "Require(56) node_modules/egg-logrotator/app.js",
    "start": 1596851887577,
    "end": 1596851887577,
    "duration": 0,
    "pid": 13636,
    "index": 65
  },
  {
    "name": "Require(57) node_modules/egg-static/app.js",
    "start": 1596851887578,
    "end": 1596851887578,
    "duration": 0,
    "pid": 13636,
    "index": 66
  },
  {
    "name": "Require(58) node_modules/egg-mysql/app.js",
    "start": 1596851887579,
    "end": 1596851887602,
    "duration": 23,
    "pid": 13636,
    "index": 67
  },
  {
    "name": "Require(59) node_modules/egg-sequelize/app.js",
    "start": 1596851887602,
    "end": 1596851887602,
    "duration": 0,
    "pid": 13636,
    "index": 68
  },
  {
    "name": "Require(60) node_modules/egg-redis/app.js",
    "start": 1596851887603,
    "end": 1596851887604,
    "duration": 1,
    "pid": 13636,
    "index": 69
  },
  {
    "name": "Require(61) node_modules/egg-session-redis/app.js",
    "start": 1596851887604,
    "end": 1596851887605,
    "duration": 1,
    "pid": 13636,
    "index": 70
  },
  {
    "name": "Require(62) node_modules/egg-validate/app.js",
    "start": 1596851887605,
    "end": 1596851887607,
    "duration": 2,
    "pid": 13636,
    "index": 71
  },
  {
    "name": "Require(63) node_modules/egg-jwt/app.js",
    "start": 1596851887608,
    "end": 1596851887608,
    "duration": 0,
    "pid": 13636,
    "index": 72
  },
  {
    "name": "Require(64) node_modules/egg-passport/app.js",
    "start": 1596851887609,
    "end": 1596851887634,
    "duration": 25,
    "pid": 13636,
    "index": 73
  },
  {
    "name": "Require(65) node_modules/egg-socket.io/app.js",
    "start": 1596851887634,
    "end": 1596851887685,
    "duration": 51,
    "pid": 13636,
    "index": 74
  },
  {
    "name": "Require(66) app.js",
    "start": 1596851887686,
    "end": 1596851887686,
    "duration": 0,
    "pid": 13636,
    "index": 75
  },
  {
    "name": "Before Start in node_modules/egg-watcher/lib/init.js:15:14",
    "start": 1596851887704,
    "end": 1596851889102,
    "duration": 1398,
    "pid": 13636,
    "index": 76
  },
  {
    "name": "Before Start in node_modules/egg-mysql/lib/mysql.js:20:7",
    "start": 1596851887902,
    "end": 1596851889289,
    "duration": 1387,
    "pid": 13636,
    "index": 77
  },
  {
    "name": "Load \"Symbol(model)\" to Application",
    "start": 1596851888516,
    "end": 1596851888627,
    "duration": 111,
    "pid": 13636,
    "index": 78
  },
  {
    "name": "Before Start in node_modules/egg-sequelize/lib/loader.js:39:7",
    "start": 1596851888627,
    "end": 1596851889675,
    "duration": 1048,
    "pid": 13636,
    "index": 79
  },
  {
    "name": "Before Start in node_modules/egg-redis/lib/redis.js:53:7",
    "start": 1596851888798,
    "end": 1596851888799,
    "duration": 1,
    "pid": 13636,
    "index": 80
  },
  {
    "name": "Before Start in node_modules/egg-redis/lib/redis.js:53:7",
    "start": 1596851888799,
    "end": 1596851888799,
    "duration": 0,
    "pid": 13636,
    "index": 81
  },
  {
    "name": "Before Start in node_modules/egg-redis/lib/redis.js:53:7",
    "start": 1596851888799,
    "end": 1596851889241,
    "duration": 442,
    "pid": 13636,
    "index": 82
  },
  {
    "name": "Load Controller",
    "start": 1596851888819,
    "end": 1596851889007,
    "duration": 188,
    "pid": 13636,
    "index": 83
  },
  {
    "name": "Load \"controller\" to Application",
    "start": 1596851888819,
    "end": 1596851889007,
    "duration": 188,
    "pid": 13636,
    "index": 84
  },
  {
    "name": "Before Start in node_modules/egg-socket.io/lib/io.js:26:7",
    "start": 1596851888836,
    "end": 1596851889079,
    "duration": 243,
    "pid": 13636,
    "index": 85
  },
  {
    "name": "Before Start in app.js:4:7",
    "start": 1596851888836,
    "end": 1596851889079,
    "duration": 243,
    "pid": 13636,
    "index": 86
  },
  {
    "name": "Load Service",
    "start": 1596851888836,
    "end": 1596851888876,
    "duration": 40,
    "pid": 13636,
    "index": 87
  },
  {
    "name": "Load \"service\" to Context",
    "start": 1596851888837,
    "end": 1596851888876,
    "duration": 39,
    "pid": 13636,
    "index": 88
  },
  {
    "name": "Load Middleware",
    "start": 1596851888876,
    "end": 1596851889007,
    "duration": 131,
    "pid": 13636,
    "index": 89
  },
  {
    "name": "Load \"middlewares\" to Application",
    "start": 1596851888877,
    "end": 1596851888995,
    "duration": 118,
    "pid": 13636,
    "index": 90
  },
  {
    "name": "Load Controller",
    "start": 1596851889007,
    "end": 1596851889021,
    "duration": 14,
    "pid": 13636,
    "index": 91
  },
  {
    "name": "Load \"controller\" to Application",
    "start": 1596851889007,
    "end": 1596851889021,
    "duration": 14,
    "pid": 13636,
    "index": 92
  },
  {
    "name": "Load Router",
    "start": 1596851889021,
    "end": 1596851889025,
    "duration": 4,
    "pid": 13636,
    "index": 93
  },
  {
    "name": "Require(67) app/router.js",
    "start": 1596851889022,
    "end": 1596851889022,
    "duration": 0,
    "pid": 13636,
    "index": 94
  },
  {
    "name": "Before Start in node_modules/egg-core/lib/egg.js:303:10",
    "start": 1596851889023,
    "end": 1596851889079,
    "duration": 56,
    "pid": 13636,
    "index": 95
  }
]