[
  {
    "name": "Application Start",
    "start": 1596851944468,
    "end": 1596851947308,
    "duration": 2840,
    "pid": 1904,
    "index": 0
  },
  {
    "name": "Load Plugin",
    "start": 1596851944476,
    "end": 1596851944513,
    "duration": 37,
    "pid": 1904,
    "index": 1
  },
  {
    "name": "Load Config",
    "start": 1596851944513,
    "end": 1596851944561,
    "duration": 48,
    "pid": 1904,
    "index": 2
  },
  {
    "name": "Require(0) config/config.default.js",
    "start": 1596851944514,
    "end": 1596851944523,
    "duration": 9,
    "pid": 1904,
    "index": 3
  },
  {
    "name": "Require(1) node_modules/egg-session/config/config.default.js",
    "start": 1596851944526,
    "end": 1596851944526,
    "duration": 0,
    "pid": 1904,
    "index": 4
  },
  {
    "name": "Require(2) node_modules/egg-security/config/config.default.js",
    "start": 1596851944527,
    "end": 1596851944527,
    "duration": 0,
    "pid": 1904,
    "index": 5
  },
  {
    "name": "Require(3) node_modules/egg-jsonp/config/config.default.js",
    "start": 1596851944528,
    "end": 1596851944529,
    "duration": 1,
    "pid": 1904,
    "index": 6
  },
  {
    "name": "Require(4) node_modules/egg-onerror/config/config.default.js",
    "start": 1596851944529,
    "end": 1596851944530,
    "duration": 1,
    "pid": 1904,
    "index": 7
  },
  {
    "name": "Require(5) node_modules/egg-i18n/config/config.default.js",
    "start": 1596851944530,
    "end": 1596851944530,
    "duration": 0,
    "pid": 1904,
    "index": 8
  },
  {
    "name": "Require(6) node_modules/egg-watcher/config/config.default.js",
    "start": 1596851944531,
    "end": 1596851944531,
    "duration": 0,
    "pid": 1904,
    "index": 9
  },
  {
    "name": "Require(7) node_modules/egg-schedule/config/config.default.js",
    "start": 1596851944532,
    "end": 1596851944532,
    "duration": 0,
    "pid": 1904,
    "index": 10
  },
  {
    "name": "Require(8) node_modules/egg-multipart/config/config.default.js",
    "start": 1596851944533,
    "end": 1596851944534,
    "duration": 1,
    "pid": 1904,
    "index": 11
  },
  {
    "name": "Require(9) node_modules/egg-development/config/config.default.js",
    "start": 1596851944535,
    "end": 1596851944535,
    "duration": 0,
    "pid": 1904,
    "index": 12
  },
  {
    "name": "Require(10) node_modules/egg-logrotator/config/config.default.js",
    "start": 1596851944536,
    "end": 1596851944536,
    "duration": 0,
    "pid": 1904,
    "index": 13
  },
  {
    "name": "Require(11) node_modules/egg-static/config/config.default.js",
    "start": 1596851944537,
    "end": 1596851944537,
    "duration": 0,
    "pid": 1904,
    "index": 14
  },
  {
    "name": "Require(12) node_modules/egg-view/config/config.default.js",
    "start": 1596851944538,
    "end": 1596851944538,
    "duration": 0,
    "pid": 1904,
    "index": 15
  },
  {
    "name": "Require(13) node_modules/egg-mysql/config/config.default.js",
    "start": 1596851944539,
    "end": 1596851944539,
    "duration": 0,
    "pid": 1904,
    "index": 16
  },
  {
    "name": "Require(14) node_modules/egg-sequelize/config/config.default.js",
    "start": 1596851944540,
    "end": 1596851944540,
    "duration": 0,
    "pid": 1904,
    "index": 17
  },
  {
    "name": "Require(15) node_modules/egg-redis/config/config.default.js",
    "start": 1596851944541,
    "end": 1596851944541,
    "duration": 0,
    "pid": 1904,
    "index": 18
  },
  {
    "name": "Require(16) node_modules/egg-session-redis/config/config.default.js",
    "start": 1596851944542,
    "end": 1596851944542,
    "duration": 0,
    "pid": 1904,
    "index": 19
  },
  {
    "name": "Require(17) node_modules/egg-validate/config/config.default.js",
    "start": 1596851944542,
    "end": 1596851944543,
    "duration": 1,
    "pid": 1904,
    "index": 20
  },
  {
    "name": "Require(18) node_modules/egg-jwt/config/config.default.js",
    "start": 1596851944543,
    "end": 1596851944543,
    "duration": 0,
    "pid": 1904,
    "index": 21
  },
  {
    "name": "Require(19) node_modules/egg-socket.io/config/config.default.js",
    "start": 1596851944545,
    "end": 1596851944545,
    "duration": 0,
    "pid": 1904,
    "index": 22
  },
  {
    "name": "Require(20) node_modules/egg/config/config.default.js",
    "start": 1596851944545,
    "end": 1596851944546,
    "duration": 1,
    "pid": 1904,
    "index": 23
  },
  {
    "name": "Require(21) config/config.default.js",
    "start": 1596851944549,
    "end": 1596851944549,
    "duration": 0,
    "pid": 1904,
    "index": 24
  },
  {
    "name": "Require(22) node_modules/egg-security/config/config.local.js",
    "start": 1596851944551,
    "end": 1596851944551,
    "duration": 0,
    "pid": 1904,
    "index": 25
  },
  {
    "name": "Require(23) node_modules/egg-watcher/config/config.local.js",
    "start": 1596851944552,
    "end": 1596851944552,
    "duration": 0,
    "pid": 1904,
    "index": 26
  },
  {
    "name": "Require(24) node_modules/egg-view/config/config.local.js",
    "start": 1596851944554,
    "end": 1596851944558,
    "duration": 4,
    "pid": 1904,
    "index": 27
  },
  {
    "name": "Require(25) node_modules/egg/config/config.local.js",
    "start": 1596851944560,
    "end": 1596851944561,
    "duration": 1,
    "pid": 1904,
    "index": 28
  },
  {
    "name": "Load extend/application.js",
    "start": 1596851944562,
    "end": 1596851944711,
    "duration": 149,
    "pid": 1904,
    "index": 29
  },
  {
    "name": "Require(26) node_modules/egg-session/app/extend/application.js",
    "start": 1596851944563,
    "end": 1596851944563,
    "duration": 0,
    "pid": 1904,
    "index": 30
  },
  {
    "name": "Require(27) node_modules/egg-security/app/extend/application.js",
    "start": 1596851944564,
    "end": 1596851944566,
    "duration": 2,
    "pid": 1904,
    "index": 31
  },
  {
    "name": "Require(28) node_modules/egg-jsonp/app/extend/application.js",
    "start": 1596851944567,
    "end": 1596851944570,
    "duration": 3,
    "pid": 1904,
    "index": 32
  },
  {
    "name": "Require(29) node_modules/egg-logrotator/app/extend/application.js",
    "start": 1596851944572,
    "end": 1596851944574,
    "duration": 2,
    "pid": 1904,
    "index": 33
  },
  {
    "name": "Require(30) node_modules/egg-view/app/extend/application.js",
    "start": 1596851944575,
    "end": 1596851944576,
    "duration": 1,
    "pid": 1904,
    "index": 34
  },
  {
    "name": "Require(31) node_modules/egg-jwt/app/extend/application.js",
    "start": 1596851944579,
    "end": 1596851944627,
    "duration": 48,
    "pid": 1904,
    "index": 35
  },
  {
    "name": "Require(32) node_modules/egg-socket.io/app/extend/application.js",
    "start": 1596851944628,
    "end": 1596851944672,
    "duration": 44,
    "pid": 1904,
    "index": 36
  },
  {
    "name": "Require(33) app/extend/application.js",
    "start": 1596851944673,
    "end": 1596851944703,
    "duration": 30,
    "pid": 1904,
    "index": 37
  },
  {
    "name": "Load extend/request.js",
    "start": 1596851944711,
    "end": 1596851944732,
    "duration": 21,
    "pid": 1904,
    "index": 38
  },
  {
    "name": "Require(34) node_modules/egg/app/extend/request.js",
    "start": 1596851944720,
    "end": 1596851944722,
    "duration": 2,
    "pid": 1904,
    "index": 39
  },
  {
    "name": "Load extend/response.js",
    "start": 1596851944732,
    "end": 1596851944747,
    "duration": 15,
    "pid": 1904,
    "index": 40
  },
  {
    "name": "Require(35) node_modules/egg/app/extend/response.js",
    "start": 1596851944739,
    "end": 1596851944740,
    "duration": 1,
    "pid": 1904,
    "index": 41
  },
  {
    "name": "Load extend/context.js",
    "start": 1596851944747,
    "end": 1596851944847,
    "duration": 100,
    "pid": 1904,
    "index": 42
  },
  {
    "name": "Require(36) node_modules/egg-security/app/extend/context.js",
    "start": 1596851944748,
    "end": 1596851944765,
    "duration": 17,
    "pid": 1904,
    "index": 43
  },
  {
    "name": "Require(37) node_modules/egg-jsonp/app/extend/context.js",
    "start": 1596851944765,
    "end": 1596851944767,
    "duration": 2,
    "pid": 1904,
    "index": 44
  },
  {
    "name": "Require(38) node_modules/egg-i18n/app/extend/context.js",
    "start": 1596851944767,
    "end": 1596851944768,
    "duration": 1,
    "pid": 1904,
    "index": 45
  },
  {
    "name": "Require(39) node_modules/egg-multipart/app/extend/context.js",
    "start": 1596851944769,
    "end": 1596851944832,
    "duration": 63,
    "pid": 1904,
    "index": 46
  },
  {
    "name": "Require(40) node_modules/egg-view/app/extend/context.js",
    "start": 1596851944833,
    "end": 1596851944835,
    "duration": 2,
    "pid": 1904,
    "index": 47
  },
  {
    "name": "Require(41) node_modules/egg-validate/app/extend/context.js",
    "start": 1596851944836,
    "end": 1596851944837,
    "duration": 1,
    "pid": 1904,
    "index": 48
  },
  {
    "name": "Require(42) node_modules/egg-passport/app/extend/context.js",
    "start": 1596851944837,
    "end": 1596851944838,
    "duration": 1,
    "pid": 1904,
    "index": 49
  },
  {
    "name": "Require(43) node_modules/egg/app/extend/context.js",
    "start": 1596851944838,
    "end": 1596851944840,
    "duration": 2,
    "pid": 1904,
    "index": 50
  },
  {
    "name": "Require(44) app/extend/context.js",
    "start": 1596851944840,
    "end": 1596851944841,
    "duration": 1,
    "pid": 1904,
    "index": 51
  },
  {
    "name": "Load extend/helper.js",
    "start": 1596851944848,
    "end": 1596851944882,
    "duration": 34,
    "pid": 1904,
    "index": 52
  },
  {
    "name": "Require(45) node_modules/egg-security/app/extend/helper.js",
    "start": 1596851944848,
    "end": 1596851944868,
    "duration": 20,
    "pid": 1904,
    "index": 53
  },
  {
    "name": "Require(46) node_modules/egg/app/extend/helper.js",
    "start": 1596851944874,
    "end": 1596851944875,
    "duration": 1,
    "pid": 1904,
    "index": 54
  },
  {
    "name": "Require(47) app/extend/helper.js",
    "start": 1596851944875,
    "end": 1596851944876,
    "duration": 1,
    "pid": 1904,
    "index": 55
  },
  {
    "name": "Load app.js",
    "start": 1596851944882,
    "end": 1596851945104,
    "duration": 222,
    "pid": 1904,
    "index": 56
  },
  {
    "name": "Require(48) node_modules/egg-session/app.js",
    "start": 1596851944883,
    "end": 1596851944883,
    "duration": 0,
    "pid": 1904,
    "index": 57
  },
  {
    "name": "Require(49) node_modules/egg-security/app.js",
    "start": 1596851944883,
    "end": 1596851944885,
    "duration": 2,
    "pid": 1904,
    "index": 58
  },
  {
    "name": "Require(50) node_modules/egg-onerror/app.js",
    "start": 1596851944886,
    "end": 1596851944900,
    "duration": 14,
    "pid": 1904,
    "index": 59
  },
  {
    "name": "Require(51) node_modules/egg-i18n/app.js",
    "start": 1596851944901,
    "end": 1596851944919,
    "duration": 18,
    "pid": 1904,
    "index": 60
  },
  {
    "name": "Require(52) node_modules/egg-watcher/app.js",
    "start": 1596851944920,
    "end": 1596851944926,
    "duration": 6,
    "pid": 1904,
    "index": 61
  },
  {
    "name": "Require(53) node_modules/egg-schedule/app.js",
    "start": 1596851944926,
    "end": 1596851944927,
    "duration": 1,
    "pid": 1904,
    "index": 62
  },
  {
    "name": "Require(54) node_modules/egg-multipart/app.js",
    "start": 1596851944928,
    "end": 1596851944928,
    "duration": 0,
    "pid": 1904,
    "index": 63
  },
  {
    "name": "Require(55) node_modules/egg-development/app.js",
    "start": 1596851944929,
    "end": 1596851944929,
    "duration": 0,
    "pid": 1904,
    "index": 64
  },
  {
    "name": "Require(56) node_modules/egg-logrotator/app.js",
    "start": 1596851944930,
    "end": 1596851944930,
    "duration": 0,
    "pid": 1904,
    "index": 65
  },
  {
    "name": "Require(57) node_modules/egg-static/app.js",
    "start": 1596851944931,
    "end": 1596851944931,
    "duration": 0,
    "pid": 1904,
    "index": 66
  },
  {
    "name": "Require(58) node_modules/egg-mysql/app.js",
    "start": 1596851944932,
    "end": 1596851944978,
    "duration": 46,
    "pid": 1904,
    "index": 67
  },
  {
    "name": "Require(59) node_modules/egg-sequelize/app.js",
    "start": 1596851944978,
    "end": 1596851944979,
    "duration": 1,
    "pid": 1904,
    "index": 68
  },
  {
    "name": "Require(60) node_modules/egg-redis/app.js",
    "start": 1596851944979,
    "end": 1596851944981,
    "duration": 2,
    "pid": 1904,
    "index": 69
  },
  {
    "name": "Require(61) node_modules/egg-session-redis/app.js",
    "start": 1596851944982,
    "end": 1596851944984,
    "duration": 2,
    "pid": 1904,
    "index": 70
  },
  {
    "name": "Require(62) node_modules/egg-validate/app.js",
    "start": 1596851944986,
    "end": 1596851944989,
    "duration": 3,
    "pid": 1904,
    "index": 71
  },
  {
    "name": "Require(63) node_modules/egg-jwt/app.js",
    "start": 1596851944990,
    "end": 1596851944990,
    "duration": 0,
    "pid": 1904,
    "index": 72
  },
  {
    "name": "Require(64) node_modules/egg-passport/app.js",
    "start": 1596851944991,
    "end": 1596851945024,
    "duration": 33,
    "pid": 1904,
    "index": 73
  },
  {
    "name": "Require(65) node_modules/egg-socket.io/app.js",
    "start": 1596851945025,
    "end": 1596851945102,
    "duration": 77,
    "pid": 1904,
    "index": 74
  },
  {
    "name": "Require(66) app.js",
    "start": 1596851945103,
    "end": 1596851945104,
    "duration": 1,
    "pid": 1904,
    "index": 75
  },
  {
    "name": "Before Start in node_modules/egg-watcher/lib/init.js:15:14",
    "start": 1596851945126,
    "end": 1596851946726,
    "duration": 1600,
    "pid": 1904,
    "index": 76
  },
  {
    "name": "Before Start in node_modules/egg-mysql/lib/mysql.js:20:7",
    "start": 1596851945288,
    "end": 1596851946927,
    "duration": 1639,
    "pid": 1904,
    "index": 77
  },
  {
    "name": "Load \"Symbol(model)\" to Application",
    "start": 1596851946132,
    "end": 1596851946248,
    "duration": 116,
    "pid": 1904,
    "index": 78
  },
  {
    "name": "Before Start in node_modules/egg-sequelize/lib/loader.js:39:7",
    "start": 1596851946248,
    "end": 1596851947307,
    "duration": 1059,
    "pid": 1904,
    "index": 79
  },
  {
    "name": "Before Start in node_modules/egg-redis/lib/redis.js:53:7",
    "start": 1596851946392,
    "end": 1596851946393,
    "duration": 1,
    "pid": 1904,
    "index": 80
  },
  {
    "name": "Before Start in node_modules/egg-redis/lib/redis.js:53:7",
    "start": 1596851946393,
    "end": 1596851946393,
    "duration": 0,
    "pid": 1904,
    "index": 81
  },
  {
    "name": "Before Start in node_modules/egg-redis/lib/redis.js:53:7",
    "start": 1596851946393,
    "end": 1596851946896,
    "duration": 503,
    "pid": 1904,
    "index": 82
  },
  {
    "name": "Load Controller",
    "start": 1596851946419,
    "end": 1596851946653,
    "duration": 234,
    "pid": 1904,
    "index": 83
  },
  {
    "name": "Load \"controller\" to Application",
    "start": 1596851946419,
    "end": 1596851946653,
    "duration": 234,
    "pid": 1904,
    "index": 84
  },
  {
    "name": "Before Start in node_modules/egg-socket.io/lib/io.js:26:7",
    "start": 1596851946436,
    "end": 1596851946710,
    "duration": 274,
    "pid": 1904,
    "index": 85
  },
  {
    "name": "Before Start in app.js:4:7",
    "start": 1596851946436,
    "end": 1596851946710,
    "duration": 274,
    "pid": 1904,
    "index": 86
  },
  {
    "name": "Load Service",
    "start": 1596851946437,
    "end": 1596851946495,
    "duration": 58,
    "pid": 1904,
    "index": 87
  },
  {
    "name": "Load \"service\" to Context",
    "start": 1596851946437,
    "end": 1596851946495,
    "duration": 58,
    "pid": 1904,
    "index": 88
  },
  {
    "name": "Load Middleware",
    "start": 1596851946496,
    "end": 1596851946653,
    "duration": 157,
    "pid": 1904,
    "index": 89
  },
  {
    "name": "Load \"middlewares\" to Application",
    "start": 1596851946496,
    "end": 1596851946639,
    "duration": 143,
    "pid": 1904,
    "index": 90
  },
  {
    "name": "Load Controller",
    "start": 1596851946653,
    "end": 1596851946670,
    "duration": 17,
    "pid": 1904,
    "index": 91
  },
  {
    "name": "Load \"controller\" to Application",
    "start": 1596851946653,
    "end": 1596851946670,
    "duration": 17,
    "pid": 1904,
    "index": 92
  },
  {
    "name": "Load Router",
    "start": 1596851946670,
    "end": 1596851946675,
    "duration": 5,
    "pid": 1904,
    "index": 93
  },
  {
    "name": "Require(67) app/router.js",
    "start": 1596851946670,
    "end": 1596851946670,
    "duration": 0,
    "pid": 1904,
    "index": 94
  },
  {
    "name": "Before Start in node_modules/egg-core/lib/egg.js:303:10",
    "start": 1596851946671,
    "end": 1596851946710,
    "duration": 39,
    "pid": 1904,
    "index": 95
  }
]